300085,536503235.4000001,93.0,99.0,80.0,100.0,372.0
300326,159183710.0,93.0,93.0,87.0,97.0,370.0
300291,340905088.93000001,99.0,82.0,87.0,98.0,366.0
002714,274249301.65999997,99.0,76.0,91.0,99.0,365.0
000695,106636778.92999999,98.0,96.0,73.0,97.0,364.0
002318,898629417.0,95.0,97.0,73.0,97.0,362.0
300043,557286830.19000006,99.0,97.0,67.0,99.0,362.0
300285,144064435.72,100.0,78.0,85.0,98.0,361.0
600446,1122834460.0799999,94.0,98.0,69.0,94.0,355.0
300107,67853443.420000002,99.0,84.0,78.0,91.0,352.0
002219,276722003.35999995,90.0,80.0,92.0,90.0,352.0
300336,189132652.5,96.0,70.0,90.0,95.0,351.0
002366,538058560.07000005,97.0,94.0,61.0,99.0,351.0
002699,168505149.23000002,94.0,91.0,78.0,88.0,351.0
002475,541855292.0,97.0,65.0,94.0,94.0,350.0
603993,985950147.5,94.0,58.0,99.0,99.0,350.0
002701,822224904.58999991,92.0,88.0,75.0,94.0,349.0
300268,53982760.289999999,62.0,100.0,86.0,100.0,348.0
300369,279805381.35000002,97.0,90.0,65.0,96.0,348.0
002162,150643366.91,98.0,90.0,69.0,88.0,345.0
603017,444771223.17999995,100.0,97.0,50.0,97.0,344.0
000922,232964151.72000003,99.0,74.0,73.0,98.0,344.0
300199,282102390.85000002,90.0,92.0,75.0,87.0,344.0
603588,1025502388.0,100.0,98.0,47.0,99.0,344.0
601700,217890944.69999999,95.0,66.0,88.0,94.0,343.0
002337,1082312181.4400001,95.0,100.0,51.0,96.0,342.0
300113,386843066.23000002,97.0,93.0,57.0,94.0,341.0
603333,235856889.05999997,100.0,93.0,51.0,97.0,341.0
600836,1470164240.8999999,100.0,98.0,43.0,99.0,340.0
000802,335411996.32999998,97.0,85.0,58.0,99.0,339.0
300059,3836630948.8999996,85.0,87.0,68.0,99.0,339.0
000567,41484148.390000001,88.0,88.0,71.0,91.0,338.0
002432,267317017.25,92.0,98.0,60.0,88.0,338.0
300004,181103918.15000001,93.0,84.0,79.0,81.0,337.0
601208,356016902.55000007,98.0,95.0,49.0,95.0,337.0
000526,69358576.5,89.0,96.0,59.0,92.0,336.0
300017,1912769969.55,98.0,94.0,48.0,96.0,336.0
603169,966102165.3599999,100.0,92.0,44.0,100.0,336.0
300033,1602734816.1799998,96.0,98.0,42.0,99.0,335.0
000060,2802079459.9200001,99.0,98.0,40.0,98.0,335.0
600988,438262111.68000001,92.0,94.0,52.0,97.0,335.0
300329,142013031.91999999,97.0,91.0,57.0,90.0,335.0
000585,375967016.18000007,100.0,100.0,36.0,98.0,334.0
002357,81290171.550000012,93.0,83.0,71.0,87.0,334.0
600674,1433074426.0999999,67.0,100.0,80.0,86.0,333.0
600547,3795427277.77,85.0,100.0,47.0,100.0,332.0
002408,270562287.56,94.0,78.0,83.0,77.0,332.0
002684,117088145.68000001,92.0,74.0,77.0,89.0,332.0
002280,273144934.30000001,92.0,59.0,89.0,91.0,331.0
002101,225223381.0,96.0,87.0,53.0,95.0,331.0
600588,2158414400.6599998,77.0,96.0,60.0,98.0,331.0
300147,684622472.08000004,88.0,95.0,52.0,95.0,330.0
600317,781880194.48000002,86.0,95.0,64.0,85.0,330.0
300222,126624484.41000001,91.0,72.0,81.0,86.0,330.0
600083,65202576.380000003,84.0,99.0,62.0,85.0,330.0
002657,834245957.93999994,91.0,96.0,46.0,96.0,329.0
300102,212008652.80000001,99.0,79.0,57.0,92.0,327.0
002438,401765755.13999999,100.0,95.0,35.0,97.0,327.0
601111,3538722259.96,74.0,87.0,67.0,98.0,326.0
002447,112386831.59000002,96.0,85.0,74.0,71.0,326.0
300378,241868399.88,97.0,93.0,48.0,87.0,325.0
600219,3062378639.75,88.0,94.0,44.0,99.0,325.0
600107,529163651.47999996,100.0,98.0,30.0,96.0,324.0
000030,439422384.36000001,95.0,78.0,58.0,93.0,324.0
002370,87058679.080000013,94.0,78.0,63.0,88.0,323.0
600678,238334030.00999999,72.0,100.0,54.0,97.0,323.0
603889,444278463.48000002,100.0,97.0,33.0,93.0,323.0
601007,143006167.93000001,90.0,83.0,56.0,93.0,322.0
600455,63161357.099999994,73.0,97.0,55.0,97.0,322.0
300377,712520624.95000005,99.0,95.0,34.0,94.0,322.0
300178,583176971.75999999,87.0,91.0,53.0,90.0,321.0
000950,92000672.960000008,97.0,72.0,63.0,89.0,321.0
600993,377020104.41999996,90.0,90.0,52.0,89.0,321.0
600650,465136095.74000001,98.0,97.0,37.0,88.0,320.0
600489,4053821369.7600002,77.0,94.0,49.0,99.0,319.0
600885,310332113.55000001,78.0,71.0,74.0,96.0,319.0
600800,218213965.30000001,92.0,99.0,42.0,86.0,319.0
000777,2433190582.73,98.0,100.0,26.0,95.0,319.0
600312,2417458513.2699995,98.0,94.0,29.0,97.0,318.0
000711,60509310.120000005,70.0,90.0,67.0,91.0,318.0
002635,134185317.54999998,92.0,67.0,70.0,89.0,318.0
600662,383934010.06000006,95.0,83.0,51.0,88.0,317.0
002690,152892633.53,98.0,69.0,76.0,74.0,317.0
600774,14029445.800000001,66.0,76.0,95.0,80.0,317.0
000923,172436568.61999997,90.0,89.0,42.0,96.0,317.0
300332,391597258.56,76.0,98.0,52.0,91.0,317.0
600778,579791225.79999995,99.0,93.0,28.0,96.0,316.0
600160,630257161.12,94.0,89.0,45.0,88.0,316.0
601899,6537461150.0,79.0,91.0,47.0,99.0,316.0
000639,139209111.19999999,94.0,75.0,64.0,82.0,315.0
000720,238900849.97000003,63.0,92.0,61.0,99.0,315.0
600536,1378331468.8200002,91.0,95.0,37.0,92.0,315.0
601012,1472870258.1300001,86.0,89.0,52.0,88.0,315.0
000957,773170971.28000009,92.0,78.0,46.0,99.0,315.0
002618,165473596.67000002,96.0,91.0,61.0,66.0,314.0
000625,3409909307.1799994,84.0,61.0,69.0,100.0,314.0
600328,150841088.94,86.0,74.0,59.0,95.0,314.0
002271,283334633.25,73.0,66.0,84.0,91.0,314.0
002417,183408264.08999997,95.0,89.0,35.0,95.0,314.0
002477,412306819.22000003,94.0,60.0,70.0,90.0,314.0
000895,2257639005.5599999,73.0,92.0,57.0,91.0,313.0
600309,2769344172.0299997,74.0,91.0,53.0,95.0,313.0
600438,238514246.76999998,78.0,66.0,80.0,87.0,311.0
600598,400634480.48000002,73.0,73.0,74.0,91.0,311.0
600470,548709099.12,98.0,90.0,29.0,94.0,311.0
002089,200728368.61000001,88.0,71.0,62.0,89.0,310.0
002130,783622426.99000001,98.0,98.0,26.0,88.0,310.0
603166,386930873.30000001,98.0,90.0,25.0,96.0,309.0
600273,267088701.59999996,85.0,81.0,51.0,92.0,309.0
002382,91106371.75999999,80.0,79.0,79.0,71.0,309.0
002424,285725870.00999999,89.0,73.0,80.0,67.0,309.0
601011,129122845.47999999,61.0,75.0,88.0,85.0,309.0
002058,42129734.519999996,65.0,93.0,65.0,86.0,309.0
300390,60252579.399999999,92.0,86.0,67.0,63.0,308.0
600689,51427310.819999993,88.0,83.0,51.0,86.0,308.0
000816,595082701.38,96.0,88.0,34.0,90.0,308.0
300096,447726753.13999999,93.0,98.0,29.0,88.0,308.0
601616,296242875.12,88.0,86.0,44.0,90.0,308.0
000792,1085997307.1199999,74.0,64.0,74.0,96.0,308.0
600161,372091303.35000002,80.0,90.0,57.0,81.0,308.0
600963,776440683.05999994,99.0,76.0,35.0,97.0,307.0
601225,1426096935.1000004,83.0,69.0,56.0,99.0,307.0
600695,115558273.65000001,89.0,93.0,45.0,80.0,307.0
002444,371349902.66000003,91.0,68.0,58.0,90.0,307.0
000416,181728497.78999999,62.0,86.0,63.0,95.0,306.0
600115,1983601933.6199999,72.0,83.0,58.0,93.0,306.0
601369,639322206.25999999,85.0,58.0,66.0,97.0,306.0
002597,98038401.370000005,82.0,50.0,85.0,89.0,306.0
002138,129191207.34,60.0,76.0,85.0,84.0,305.0
300295,171491303.31999993,37.0,86.0,87.0,94.0,304.0
600029,2717727794.75,70.0,90.0,48.0,96.0,304.0
601999,245044405.40000001,93.0,75.0,50.0,86.0,304.0
002574,440667583.56000006,97.0,80.0,36.0,90.0,303.0
600458,46521881.030000001,100.0,4.0,99.0,100.0,303.0
300110,126547545.91999999,96.0,76.0,55.0,76.0,303.0
002320,233508105.69999999,95.0,94.0,39.0,75.0,303.0
600655,730532256.86000001,90.0,79.0,49.0,85.0,303.0
600282,232448298.99000001,85.0,36.0,86.0,96.0,303.0
002738,1288723.0,100.0,2.0,100.0,100.0,302.0
002524,158405369.54000002,84.0,96.0,41.0,81.0,302.0
600563,334665700.62,87.0,90.0,42.0,83.0,302.0
601088,5942766181.5,63.0,53.0,89.0,97.0,302.0
603636,2944240.0,99.0,2.0,100.0,100.0,301.0
000511,1376501049.0,85.0,97.0,28.0,91.0,301.0
601928,1047918219.5600001,91.0,76.0,50.0,84.0,301.0
601006,2941681622.0,45.0,89.0,78.0,89.0,301.0
601179,2992322541.2399998,89.0,80.0,39.0,93.0,301.0
002297,112540290.73999999,49.0,83.0,75.0,94.0,301.0
600348,2046376767.7399998,80.0,88.0,39.0,94.0,301.0
601766,155864747.75,100.0,1.0,100.0,100.0,301.0
300411,774256.0,99.0,1.0,100.0,100.0,300.0
601872,621451343.25999999,43.0,79.0,83.0,95.0,300.0
300410,317532.0,98.0,1.0,100.0,100.0,299.0
600532,53961099.93,58.0,70.0,82.0,89.0,299.0
601218,284607185.25999999,81.0,74.0,54.0,90.0,299.0
600699,456034983.54000002,84.0,59.0,63.0,93.0,299.0
600269,899839318.68000007,91.0,91.0,33.0,83.0,298.0
300031,208000552.28000003,96.0,92.0,27.0,83.0,298.0
600893,1895027889.3499999,96.0,65.0,48.0,88.0,297.0
600872,362463860.42000002,58.0,84.0,60.0,95.0,297.0
000662,2868455.8399999999,90.0,7.0,100.0,100.0,297.0
002413,75766929.650000006,85.0,57.0,89.0,66.0,297.0
002330,58123444.5,79.0,72.0,69.0,76.0,296.0
300114,49934693.380000003,56.0,51.0,98.0,91.0,296.0
300259,64319474.150000006,93.0,75.0,59.0,69.0,296.0
600635,1927448150.8200002,92.0,98.0,28.0,78.0,296.0
600802,472369572.54000008,83.0,99.0,27.0,86.0,295.0
002028,596502180.13999999,94.0,80.0,34.0,87.0,295.0
002164,68615383.680000007,94.0,74.0,51.0,76.0,295.0
600302,69001788.239999995,71.0,59.0,71.0,94.0,295.0
600875,3807640409.79,93.0,56.0,48.0,98.0,295.0
600630,222416455.77999997,82.0,81.0,46.0,86.0,295.0
600538,100274676.31,95.0,86.0,38.0,75.0,294.0
600355,73843805.75,84.0,87.0,55.0,68.0,294.0
600722,41187345.359999999,57.0,52.0,91.0,94.0,294.0
002662,74128712.939999998,89.0,37.0,85.0,83.0,294.0
600876,4265537.5600000005,85.0,8.0,100.0,100.0,293.0
600857,126358322.16,97.0,95.0,38.0,63.0,293.0
300026,422491114.76999998,96.0,76.0,53.0,68.0,293.0
600756,548361251.16000009,91.0,95.0,28.0,79.0,293.0
002609,136665708.69,91.0,88.0,48.0,65.0,292.0
002538,349611810.98000002,95.0,84.0,42.0,71.0,292.0
002304,659951739.1500001,70.0,37.0,96.0,89.0,292.0
002134,31985303.519999996,82.0,75.0,66.0,68.0,291.0
600898,70867300.780000001,78.0,85.0,50.0,78.0,291.0
002707,123602753.44,71.0,60.0,97.0,63.0,291.0
002266,3096544129.1999998,72.0,100.0,25.0,94.0,291.0
002279,164334752.95999998,77.0,85.0,51.0,78.0,291.0
000818,145424157.17000002,86.0,94.0,38.0,73.0,291.0
600395,565354406.87999988,49.0,87.0,65.0,90.0,291.0
600128,194751441.85000002,94.0,79.0,36.0,81.0,290.0
002201,48603149.990000002,74.0,67.0,64.0,85.0,290.0
300277,34013110.409999996,95.0,68.0,77.0,50.0,290.0
600469,247553755.00999999,72.0,67.0,60.0,91.0,290.0
000908,82945672.800000012,97.0,44.0,77.0,72.0,290.0
001896,87389042.75,73.0,54.0,80.0,83.0,290.0
600753,94046178.99000001,74.0,96.0,39.0,80.0,289.0
300338,60931162.159999996,89.0,77.0,54.0,69.0,289.0
002004,400528715.16000003,80.0,48.0,76.0,85.0,289.0
002550,96043799.479999989,54.0,51.0,97.0,87.0,289.0
300319,16089572.34,72.0,21.0,96.0,100.0,289.0
600611,1440354521.0999999,87.0,91.0,31.0,80.0,289.0
600741,1433802754.9700003,81.0,31.0,79.0,98.0,289.0
600226,153149096.46000001,90.0,87.0,56.0,55.0,288.0
000423,909191624.04000008,50.0,83.0,62.0,93.0,288.0
002367,437692833.12,93.0,88.0,30.0,77.0,288.0
600021,598844787.85000002,56.0,60.0,75.0,97.0,288.0
000949,227362688.48000002,63.0,81.0,52.0,92.0,288.0
002303,251527525.91999999,75.0,85.0,52.0,76.0,288.0
300251,522865003.91999996,36.0,84.0,89.0,79.0,288.0
002253,74827861.429999992,53.0,76.0,74.0,84.0,287.0
600596,546251717.61000001,89.0,88.0,31.0,79.0,287.0
002086,122473471.5,94.0,64.0,56.0,73.0,287.0
000600,589174475.62,68.0,91.0,43.0,85.0,287.0
002516,126909800.43000001,96.0,55.0,71.0,65.0,287.0
601699,2100810928.3799996,71.0,83.0,43.0,90.0,287.0
300412,176968.0,86.0,0.0,100.0,100.0,286.0
300166,524922095.20000005,88.0,96.0,35.0,67.0,286.0
600620,49383128.269999996,32.0,76.0,93.0,85.0,286.0
600313,196799414.15000001,74.0,70.0,66.0,76.0,286.0
000650,243922133.30000001,53.0,82.0,65.0,86.0,286.0
600146,105632107.42,75.0,99.0,45.0,67.0,286.0
000605,61681207.420000002,89.0,81.0,47.0,68.0,285.0
000972,130066123.60000002,75.0,82.0,50.0,78.0,285.0
601015,270742706.04000008,56.0,66.0,67.0,96.0,285.0
600628,288095121.96000004,90.0,93.0,34.0,68.0,285.0
000592,739606832.27999997,84.0,92.0,48.0,61.0,285.0
002669,73779626.129999995,91.0,80.0,43.0,71.0,285.0
600652,146353842.80000001,55.0,93.0,52.0,84.0,284.0
002472,102112645.31,91.0,55.0,50.0,87.0,283.0
002689,118392340.65000001,79.0,68.0,69.0,67.0,283.0
000021,446538719.55000001,87.0,58.0,51.0,87.0,283.0
600311,263259098.59999999,49.0,96.0,46.0,92.0,283.0
600401,346391650.38,74.0,57.0,80.0,72.0,283.0
002394,270276083.14999998,90.0,78.0,32.0,83.0,283.0
600080,67537828.75,50.0,84.0,65.0,84.0,283.0
000965,149408536.75999999,60.0,37.0,89.0,96.0,282.0
000027,1037884916.8,77.0,63.0,62.0,80.0,282.0
600744,304437106.60000002,92.0,72.0,28.0,90.0,282.0
002263,221636026.81,98.0,89.0,46.0,49.0,282.0
601001,1436389416.3200002,77.0,81.0,33.0,91.0,282.0
002679,57891718.349999994,59.0,47.0,81.0,95.0,282.0
600507,577894477.88999999,71.0,88.0,34.0,88.0,281.0
600136,53873329.339999996,83.0,37.0,77.0,84.0,281.0
603308,343018017.24000007,97.0,72.0,31.0,81.0,281.0
000712,2504516657.1599998,91.0,84.0,27.0,79.0,281.0
600886,6543864786.5,63.0,98.0,33.0,86.0,280.0
000989,270208054.62,87.0,77.0,36.0,80.0,280.0
002136,38721939.299999997,60.0,84.0,63.0,73.0,280.0
000909,154064161.47999999,98.0,45.0,45.0,92.0,280.0
000975,132327362.19,55.0,81.0,82.0,62.0,280.0
600676,314197835.04000002,93.0,71.0,41.0,74.0,279.0
600297,326543395.72000003,85.0,7.0,90.0,97.0,279.0
300133,211556788.36999997,49.0,43.0,96.0,90.0,278.0
002514,69125077.599999994,76.0,76.0,61.0,65.0,278.0
601727,4559349569.5,76.0,45.0,60.0,97.0,278.0
600717,1796208467.25,90.0,88.0,31.0,69.0,278.0
002502,39927340.930000007,50.0,45.0,87.0,95.0,277.0
300356,133881015.48999999,94.0,77.0,36.0,70.0,277.0
600360,149900531.56,87.0,67.0,45.0,78.0,277.0
300027,1165222680.8200004,43.0,83.0,66.0,85.0,277.0
600961,196795579.92000002,76.0,68.0,50.0,83.0,277.0
600337,82506079.609999985,58.0,40.0,87.0,92.0,277.0
601222,168710004.34999999,95.0,49.0,62.0,70.0,276.0
000572,582319691.93999994,79.0,70.0,39.0,88.0,276.0
300015,108997450.02999997,32.0,68.0,96.0,80.0,276.0
000552,219125663.22000006,44.0,54.0,86.0,92.0,276.0
600573,103318711.44,84.0,87.0,37.0,68.0,276.0
002011,743920425.87,75.0,85.0,31.0,85.0,276.0
600781,91622414.879999995,87.0,94.0,41.0,54.0,276.0
000554,207974445.93000001,56.0,100.0,36.0,83.0,275.0
600135,154742062.69,85.0,78.0,42.0,70.0,275.0
300012,43678174.059999995,40.0,62.0,97.0,76.0,275.0
002316,131900260.80000003,70.0,75.0,45.0,85.0,275.0
600206,171562410.63,81.0,62.0,60.0,72.0,275.0
000708,203388260.12,78.0,69.0,45.0,82.0,274.0
600101,104747410.74999999,49.0,94.0,51.0,80.0,274.0
000606,119233140.97,81.0,97.0,37.0,59.0,274.0
300022,420685902.56,91.0,88.0,24.0,71.0,274.0
000159,320475840.0,61.0,86.0,40.0,87.0,274.0
002204,669773292.81000006,86.0,56.0,54.0,78.0,274.0
600421,74130440.219999999,88.0,100.0,30.0,56.0,274.0
002556,532952306.24000001,74.0,82.0,37.0,81.0,274.0
300052,138122624.69999996,48.0,95.0,55.0,75.0,273.0
600728,121270309.86,58.0,44.0,88.0,83.0,273.0
002236,521986583.28000009,36.0,58.0,87.0,92.0,273.0
600691,683677262.50000012,63.0,56.0,56.0,98.0,273.0
300074,71285792.979999989,48.0,82.0,73.0,70.0,273.0
002248,84916266.150000006,85.0,75.0,38.0,75.0,273.0
600707,67919654.559999973,40.0,78.0,81.0,74.0,273.0
000419,152650038.59999999,89.0,71.0,41.0,72.0,273.0
600679,48516107.609999999,87.0,74.0,51.0,61.0,273.0
000532,201399857.94,76.0,98.0,37.0,62.0,273.0
002640,149316385.03000003,86.0,66.0,75.0,45.0,272.0
600486,206360773.84,44.0,58.0,77.0,93.0,272.0
300205,82900315.350000009,39.0,61.0,83.0,89.0,272.0
600099,46002797.549999997,83.0,77.0,49.0,63.0,272.0
600535,631828436.08999991,53.0,61.0,76.0,81.0,271.0
300308,81812332.089999989,87.0,94.0,34.0,56.0,271.0
002145,122354567.02000001,75.0,64.0,73.0,59.0,271.0
600508,355818862.35999995,58.0,84.0,46.0,83.0,271.0
600188,752070675.01999986,52.0,28.0,91.0,98.0,269.0
600420,82480525.799999997,60.0,48.0,79.0,82.0,269.0
000999,360933009.88,55.0,62.0,73.0,79.0,269.0
600385,26140060.219999999,88.0,71.0,58.0,52.0,269.0
000716,75400832.680000007,80.0,56.0,75.0,58.0,269.0
002150,46648305.810000002,88.0,69.0,51.0,61.0,269.0
002069,335305770.90000004,83.0,81.0,39.0,66.0,269.0
600727,52521382.869999997,87.0,73.0,47.0,62.0,269.0
600289,361202690.60000002,86.0,87.0,30.0,66.0,269.0
600838,122533612.03999999,85.0,99.0,35.0,49.0,268.0
000610,171019721.13,82.0,89.0,29.0,68.0,268.0
002148,56406191.23999998,32.0,80.0,75.0,81.0,268.0
600270,206980370.73000002,54.0,57.0,78.0,79.0,268.0
600614,344510644.85000002,73.0,68.0,56.0,71.0,268.0
600329,341054294.25999999,98.0,69.0,38.0,63.0,268.0
600847,44250238.959999993,69.0,78.0,54.0,67.0,268.0
002272,67133263.070000008,83.0,62.0,49.0,73.0,267.0
002561,122040493.28999999,82.0,70.0,50.0,65.0,267.0
002317,160146518.04999998,82.0,83.0,53.0,49.0,267.0
600567,1050361157.5,76.0,84.0,28.0,79.0,267.0
002563,98474151.219999999,80.0,15.0,99.0,73.0,267.0
002237,236575204.91999996,48.0,39.0,85.0,95.0,267.0
600467,290134904.74000001,76.0,89.0,42.0,60.0,267.0
002261,81599775.119999975,44.0,63.0,88.0,72.0,267.0
600221,4132587384.0,73.0,85.0,28.0,81.0,267.0
600827,1617835883.9500003,87.0,72.0,34.0,74.0,267.0
002436,115806326.49000001,70.0,70.0,68.0,58.0,266.0
600276,413345020.23000008,52.0,49.0,95.0,70.0,266.0
000910,76837095.409999996,93.0,30.0,65.0,78.0,266.0
002035,73839140.529999986,33.0,50.0,87.0,96.0,266.0
600997,573439935.21000004,71.0,68.0,40.0,87.0,266.0
000812,198462929.19999999,91.0,86.0,28.0,61.0,266.0
002697,322688274.05000001,93.0,85.0,30.0,57.0,265.0
601388,68474803.979999989,55.0,34.0,98.0,78.0,265.0
000790,60160304.32,47.0,82.0,68.0,68.0,265.0
002530,40964194.390000001,76.0,66.0,57.0,66.0,265.0
600062,235272216.29999998,48.0,59.0,72.0,86.0,265.0
600330,81257182.910000041,52.0,46.0,84.0,83.0,265.0
600848,172055323.69,94.0,41.0,44.0,86.0,265.0
600496,151850012.81999999,56.0,28.0,91.0,90.0,265.0
600163,141458903.94999999,83.0,90.0,37.0,55.0,265.0
300229,65928241.099999979,50.0,68.0,82.0,64.0,264.0
600723,187965066.54000002,82.0,49.0,51.0,82.0,264.0
600143,446212738.63,46.0,55.0,71.0,92.0,264.0
600503,508056268.01999998,79.0,82.0,33.0,70.0,264.0
300182,212240208.06,65.0,55.0,74.0,70.0,264.0
000045,118008693.45000002,81.0,63.0,50.0,69.0,263.0
300146,137128252.14999998,35.0,51.0,95.0,82.0,263.0
600548,218507501.96000001,52.0,33.0,84.0,94.0,263.0
600604,74104186.640000001,96.0,17.0,68.0,82.0,263.0
600729,712580511.00999999,77.0,68.0,34.0,84.0,263.0
600260,223461852.90000001,95.0,39.0,45.0,84.0,263.0
002384,165430073.80000001,95.0,44.0,52.0,72.0,263.0
600751,815723795.23000002,96.0,68.0,38.0,60.0,262.0
600111,1394305999.1000004,6.0,85.0,82.0,89.0,262.0
002541,103769115.38999999,97.0,27.0,49.0,89.0,262.0
600798,95492983.219999984,46.0,97.0,58.0,61.0,262.0
000032,137627957.18000001,61.0,74.0,45.0,82.0,262.0
002299,205661368.19,72.0,67.0,59.0,64.0,262.0
600056,911686225.99999988,69.0,62.0,44.0,87.0,262.0
002402,30638422.360000003,44.0,40.0,93.0,85.0,262.0
002467,84841619.100000009,33.0,64.0,84.0,81.0,262.0
002631,29230797.070000008,56.0,43.0,86.0,76.0,261.0
600703,664717274.17000008,31.0,60.0,84.0,86.0,261.0
000756,98831148.610000014,89.0,60.0,41.0,71.0,261.0
002700,61953327.449999996,46.0,80.0,76.0,59.0,261.0
002474,564143603.77999997,87.0,96.0,23.0,54.0,260.0
300234,79297087.620000005,87.0,73.0,38.0,62.0,260.0
600557,211602201.92000002,53.0,73.0,61.0,73.0,260.0
002612,84045001.379999995,58.0,61.0,67.0,74.0,260.0
603766,137493888.71000001,44.0,42.0,85.0,89.0,260.0
600387,162355521.04000002,71.0,79.0,44.0,66.0,260.0
300249,42135593.399999999,60.0,44.0,78.0,78.0,260.0
000753,166776902.78,85.0,54.0,48.0,73.0,260.0
002259,151634959.36000001,84.0,81.0,34.0,61.0,260.0
000058,148273680.75,78.0,76.0,39.0,67.0,260.0
000628,106094387.32000001,79.0,42.0,46.0,93.0,260.0
000655,70967106.98999998,17.0,65.0,87.0,91.0,260.0
000758,1172483061.75,56.0,66.0,51.0,87.0,260.0
000100,3509743274.5,73.0,58.0,35.0,93.0,259.0
600157,854628127.50000012,51.0,57.0,58.0,93.0,259.0
000659,68537625.970000014,45.0,69.0,70.0,74.0,258.0
300184,100888999.19999999,69.0,83.0,42.0,64.0,258.0
600518,970935657.00000024,48.0,41.0,82.0,87.0,258.0
600456,275449157.63,70.0,63.0,47.0,78.0,258.0
600805,283654358.89000005,41.0,82.0,55.0,80.0,258.0
000023,139932903.63999999,75.0,75.0,33.0,75.0,258.0
600131,90802351.100000024,58.0,97.0,41.0,62.0,258.0
002227,98325066.689999998,78.0,83.0,45.0,52.0,258.0
002719,64514227.230000004,84.0,66.0,33.0,74.0,257.0
000538,807744607.10000014,45.0,52.0,81.0,79.0,257.0
600094,63019201.88000001,64.0,1.0,99.0,93.0,257.0
600742,169995131.82999998,47.0,53.0,77.0,80.0,257.0
300161,175930139.30000001,84.0,85.0,27.0,61.0,257.0
600070,31090287.709999993,47.0,49.0,82.0,79.0,257.0
000333,1597233458.7900002,47.0,20.0,92.0,98.0,257.0
002128,199857464.64000002,33.0,51.0,84.0,89.0,257.0
000550,135761142.48000002,48.0,12.0,98.0,99.0,257.0
601898,991708586.0,47.0,24.0,90.0,96.0,257.0
002273,107839221.70000002,47.0,64.0,79.0,67.0,257.0
000510,244397088.66000003,73.0,99.0,26.0,59.0,257.0
601969,786683342.74000001,83.0,96.0,27.0,50.0,256.0
600436,326491668.97000003,55.0,78.0,79.0,44.0,256.0
002163,97016101.75999999,82.0,45.0,59.0,70.0,256.0
600085,530493101.01999998,48.0,51.0,74.0,83.0,256.0
600867,226001607.72000003,46.0,83.0,71.0,56.0,256.0
600594,567407596.92000008,76.0,92.0,43.0,45.0,256.0
601101,520409826.54000008,57.0,80.0,40.0,79.0,256.0
600256,3007110079.98,64.0,97.0,29.0,66.0,256.0
600275,114214865.75,75.0,100.0,32.0,49.0,256.0
600069,114458609.51999998,74.0,61.0,50.0,71.0,256.0
300221,33048260.520000003,32.0,48.0,94.0,81.0,255.0
000851,321441836.28999996,82.0,61.0,36.0,76.0,255.0
002471,199582560.25,74.0,39.0,71.0,71.0,255.0
601518,74496935.520000011,37.0,82.0,66.0,70.0,255.0
002400,259866343.03000006,55.0,55.0,77.0,68.0,255.0
600830,381681063.97000003,84.0,93.0,25.0,53.0,255.0
600012,116083789.39999999,54.0,59.0,69.0,73.0,255.0
601333,1332580747.0,52.0,92.0,38.0,73.0,255.0
601888,270252725.25999993,41.0,29.0,97.0,88.0,255.0
600316,596272346.03999996,46.0,71.0,56.0,82.0,255.0
600612,247124771.04999998,92.0,30.0,58.0,75.0,255.0
600543,118740455.67999998,73.0,88.0,35.0,58.0,254.0
601933,704417182.05999994,65.0,59.0,68.0,62.0,254.0
002580,105298079.78999999,86.0,68.0,37.0,63.0,254.0
000837,281704651.56,86.0,64.0,35.0,69.0,254.0
000983,874440405.32000005,40.0,55.0,66.0,93.0,254.0
000935,127678712.09999996,57.0,86.0,37.0,74.0,254.0
002478,77419397.61999999,88.0,43.0,54.0,68.0,253.0
000737,151535538.32999998,81.0,73.0,32.0,67.0,253.0
600971,486822676.88,51.0,80.0,40.0,82.0,253.0
002052,370185738.5,97.0,90.0,24.0,42.0,253.0
600606,636942954.05999994,59.0,1.0,95.0,98.0,253.0
000657,169726227.36000001,69.0,55.0,47.0,82.0,253.0
000651,2000681859.2,41.0,21.0,96.0,94.0,252.0
603699,191175361.81,90.0,61.0,31.0,70.0,252.0
300108,38718769.700000003,59.0,47.0,81.0,65.0,252.0
600475,113782773.90000001,79.0,37.0,55.0,81.0,252.0
002410,98917341.459999979,16.0,60.0,96.0,80.0,252.0
300242,137752975.81999999,91.0,85.0,32.0,43.0,251.0
002234,61202024.450000003,77.0,71.0,41.0,62.0,251.0
002276,155984084.81,79.0,50.0,57.0,65.0,251.0
000993,63477630.510000005,56.0,57.0,64.0,74.0,251.0
002215,105038516.29999998,72.0,62.0,58.0,59.0,251.0
600059,232786730.66999996,49.0,71.0,52.0,79.0,251.0
601633,856420213.47000003,72.0,31.0,95.0,53.0,251.0
000571,291750410.0,60.0,93.0,28.0,70.0,251.0
600117,210852054.18000001,79.0,45.0,42.0,85.0,251.0
600298,70629697.569999993,39.0,39.0,96.0,77.0,251.0
000155,15288410.050000001,42.0,59.0,91.0,58.0,250.0
000929,197893473.90999997,97.0,86.0,23.0,44.0,250.0
002372,54816069.290000014,47.0,38.0,94.0,71.0,250.0
600308,338726353.90000004,81.0,59.0,34.0,76.0,250.0
600810,118242386.65000001,84.0,41.0,47.0,78.0,250.0
002055,215058536.61000001,93.0,60.0,34.0,63.0,250.0
002606,83073647.329999983,55.0,76.0,44.0,74.0,249.0
002457,316161079.31000006,74.0,92.0,24.0,59.0,249.0
000630,602510196.87000012,21.0,36.0,99.0,93.0,249.0
601106,1157851269.5,41.0,50.0,66.0,92.0,249.0
002378,58971115.950000003,20.0,53.0,98.0,78.0,249.0
000761,105907070.31999999,77.0,3.0,90.0,78.0,248.0
000582,296730344.0,94.0,83.0,26.0,45.0,248.0
600406,977404022.98000002,56.0,64.0,52.0,76.0,248.0
600026,508712873.25000012,46.0,64.0,63.0,75.0,248.0
600123,1838195172.25,63.0,94.0,23.0,68.0,248.0
600854,77784352.75999999,86.0,64.0,44.0,54.0,248.0
600864,619006602.84000003,80.0,99.0,24.0,45.0,248.0
000026,144614487.14999998,88.0,53.0,38.0,69.0,248.0
600787,1011782672.3100001,77.0,73.0,32.0,66.0,248.0
002023,138014224.21999997,47.0,61.0,75.0,65.0,248.0
600408,302654974.92000002,57.0,77.0,31.0,82.0,247.0
000099,290763033.71999997,45.0,91.0,43.0,68.0,247.0
600370,56296106.859999999,90.0,52.0,62.0,43.0,247.0
600132,204224876.37,75.0,82.0,41.0,49.0,247.0
300050,39745501.04999999,42.0,35.0,89.0,80.0,246.0
300101,232156639.03,84.0,95.0,32.0,35.0,246.0
600768,30206820.460000001,73.0,72.0,49.0,52.0,246.0
002456,428125180.0,60.0,50.0,61.0,75.0,246.0
002049,108326222.94999996,29.0,57.0,87.0,73.0,246.0
002348,63516452.300000004,59.0,77.0,65.0,45.0,246.0
300148,70129745.010000005,45.0,80.0,72.0,49.0,246.0
002078,433351861.64999998,91.0,57.0,36.0,62.0,246.0
300349,22658420.639999989,32.0,45.0,92.0,76.0,245.0
600232,71126829.840000004,76.0,60.0,44.0,65.0,245.0
002001,367267743.00999999,51.0,67.0,57.0,70.0,245.0
300266,138775609.98999998,99.0,61.0,55.0,30.0,245.0
002005,493889024.06000006,87.0,71.0,30.0,57.0,245.0
600804,295522853.46999997,25.0,66.0,79.0,74.0,244.0
000936,145190581.41999999,86.0,63.0,40.0,55.0,244.0
600196,647247143.46000004,36.0,66.0,69.0,73.0,244.0
300254,51748407.160000011,44.0,75.0,64.0,61.0,244.0
600572,131398527.95999999,51.0,35.0,94.0,64.0,244.0
002033,197236277.35999998,91.0,84.0,31.0,38.0,244.0
600644,251751147.17999995,76.0,98.0,24.0,46.0,244.0
000408,331604196.06999999,73.0,99.0,22.0,50.0,244.0
002716,175588819.58000001,80.0,41.0,53.0,69.0,243.0
600391,1058519179.53,90.0,95.0,22.0,36.0,243.0
002527,84196313.939999998,59.0,40.0,72.0,72.0,243.0
000607,181342302.69999999,92.0,81.0,30.0,40.0,243.0
002147,17561584.769999996,5.0,49.0,95.0,94.0,243.0
600882,62222490.0,55.0,70.0,56.0,62.0,243.0
600809,164473245.24000001,16.0,43.0,94.0,90.0,243.0
000429,90081301.590000004,56.0,62.0,46.0,79.0,243.0
601666,437027112.71999997,42.0,47.0,64.0,90.0,243.0
002121,55070689.339999989,55.0,16.0,93.0,79.0,243.0
300157,169200992.09999999,48.0,72.0,50.0,72.0,242.0
300275,36250824.539999992,50.0,68.0,57.0,67.0,242.0
002019,99058766.679999977,37.0,59.0,83.0,63.0,242.0
300127,77557478.159999996,78.0,70.0,40.0,54.0,242.0
002120,53043522.240000002,55.0,77.0,39.0,71.0,242.0
002264,71227283.319999993,88.0,50.0,52.0,52.0,242.0
000760,72505301.700000003,75.0,82.0,44.0,41.0,242.0
600293,101787514.75,76.0,78.0,32.0,56.0,242.0
600448,138297695.16,69.0,76.0,32.0,65.0,242.0
002053,21942597.639999993,30.0,34.0,93.0,85.0,242.0
600149,94445217.269999981,5.0,97.0,67.0,72.0,241.0
300198,40030522.0,57.0,41.0,69.0,74.0,241.0
002731,165851156.63999999,93.0,69.0,24.0,55.0,241.0
000488,695345550.73000002,89.0,25.0,35.0,92.0,241.0
600167,72213982.659999996,94.0,53.0,43.0,51.0,241.0
600765,270479261.70000005,43.0,43.0,72.0,83.0,241.0
600794,102798745.31999999,57.0,73.0,72.0,39.0,241.0
600775,82600925.12999998,47.0,33.0,81.0,79.0,240.0
002388,22901397.459999997,36.0,60.0,90.0,54.0,240.0
002603,113022485.91999999,46.0,53.0,90.0,51.0,240.0
600104,1720824767.2900004,39.0,5.0,98.0,98.0,240.0
000690,262564621.46000004,34.0,57.0,65.0,84.0,240.0
000752,322676330.76999998,95.0,95.0,21.0,29.0,240.0
601000,241709261.30999994,31.0,60.0,86.0,63.0,240.0
300235,23829350.809999995,23.0,75.0,67.0,75.0,240.0
002633,50328843.969999999,70.0,75.0,39.0,55.0,239.0
300104,388531279.07999992,13.0,49.0,90.0,87.0,239.0
300246,48431946.11999999,50.0,77.0,53.0,59.0,239.0
600960,29443032.5,88.0,24.0,83.0,44.0,239.0
002328,97691452.230000004,74.0,52.0,43.0,70.0,239.0
600415,415057089.77999997,52.0,42.0,86.0,59.0,239.0
000601,233767529.23000002,71.0,88.0,33.0,47.0,239.0
300055,57857598.0,37.0,27.0,99.0,76.0,239.0
002084,133796496.06000006,45.0,78.0,45.0,71.0,239.0
002526,206833042.03999999,81.0,76.0,27.0,54.0,238.0
000833,52857532.789999999,80.0,44.0,54.0,60.0,238.0
600636,179425291.38,77.0,70.0,39.0,52.0,238.0
002159,23321618.399999999,60.0,65.0,69.0,44.0,238.0
601018,457364100.0999999,47.0,60.0,79.0,52.0,238.0
600851,346021472.48000002,78.0,95.0,26.0,39.0,238.0
600477,87359185.659999996,61.0,25.0,71.0,81.0,238.0
300039,98047126.200000033,43.0,55.0,72.0,67.0,237.0
600008,441862555.5,9.0,42.0,95.0,91.0,237.0
600978,319332879.07999998,62.0,50.0,48.0,77.0,237.0
600403,97369309.069999993,15.0,29.0,98.0,95.0,237.0
603100,217141951.00999999,92.0,62.0,28.0,55.0,237.0
002490,119911852.99000001,79.0,51.0,37.0,69.0,236.0
002205,103425217.96000001,83.0,73.0,29.0,51.0,236.0
300054,49794613.329999991,42.0,54.0,73.0,67.0,236.0
600358,106871928.24000001,78.0,92.0,29.0,37.0,236.0
002026,21241236.359999999,37.0,23.0,93.0,83.0,236.0
300134,83403464.149999976,24.0,59.0,95.0,58.0,236.0
000888,92250801.350000009,62.0,76.0,60.0,38.0,236.0
300032,51226495.519999996,51.0,31.0,92.0,61.0,235.0
002610,200433823.63999999,74.0,40.0,60.0,61.0,235.0
002415,380463261.33000004,18.0,19.0,100.0,98.0,235.0
603167,56300163.489999995,33.0,79.0,70.0,53.0,235.0
002414,277413913.56,77.0,85.0,33.0,40.0,235.0
000530,83147464.699999988,49.0,59.0,58.0,69.0,235.0
002484,94446362.409999996,85.0,67.0,47.0,36.0,235.0
300164,49801018.679999992,40.0,54.0,66.0,75.0,235.0
601038,640598817.65999997,85.0,74.0,25.0,51.0,235.0
600377,157165176.66,52.0,39.0,87.0,57.0,235.0
600824,188384620.31999996,62.0,86.0,40.0,46.0,234.0
000004,20910741.129999995,24.0,61.0,72.0,77.0,234.0
300323,43431650.460000001,46.0,21.0,90.0,77.0,234.0
002521,54846294.940000005,40.0,28.0,82.0,84.0,234.0
002345,164665856.69999999,95.0,63.0,37.0,39.0,234.0
002570,626003553.58999991,76.0,89.0,29.0,40.0,234.0
002124,37291614.850000001,33.0,50.0,76.0,75.0,234.0
000403,102235409.26000001,76.0,91.0,30.0,36.0,233.0
601866,692232060.5,38.0,41.0,72.0,82.0,233.0
002100,69440234.49000001,53.0,43.0,76.0,61.0,233.0
601919,607731958.68999994,29.0,18.0,92.0,93.0,232.0
002591,109867837.51999998,84.0,89.0,23.0,36.0,232.0
600252,259959987.25999993,26.0,72.0,87.0,47.0,232.0
600860,26945356.120000001,84.0,43.0,60.0,45.0,232.0
300083,48018478.630000003,43.0,12.0,99.0,78.0,232.0
002565,174662088.61000001,85.0,77.0,31.0,39.0,232.0
002672,46270649.350000001,24.0,28.0,99.0,81.0,232.0
300273,143523911.84000003,43.0,63.0,70.0,56.0,232.0
600651,313162431.77999997,87.0,56.0,31.0,57.0,231.0
002284,34130779.439999998,51.0,18.0,96.0,66.0,231.0
600033,157837749.12999994,34.0,82.0,60.0,55.0,231.0
002294,115656539.55,39.0,45.0,85.0,62.0,231.0
600626,194715713.5,70.0,64.0,39.0,57.0,230.0
300162,501095669.38,96.0,99.0,18.0,17.0,230.0
300013,41145922.749999985,31.0,56.0,63.0,80.0,230.0
600521,109580267.83999999,53.0,44.0,80.0,53.0,230.0
000698,150745720.59999999,80.0,53.0,29.0,68.0,230.0
300191,42302717.940000005,26.0,52.0,78.0,74.0,230.0
000623,3237415018.8299999,78.0,100.0,21.0,30.0,229.0
600660,414842482.53000009,42.0,39.0,70.0,78.0,229.0
600711,120202632.94,6.0,42.0,89.0,92.0,229.0
600481,110910877.52000001,59.0,45.0,79.0,46.0,229.0
002508,81192853.579999924,6.0,25.0,100.0,98.0,229.0
300036,38001820.679999992,47.0,65.0,78.0,39.0,229.0
600405,106145274.63000001,50.0,65.0,50.0,64.0,229.0
600897,284654833.08000004,73.0,92.0,27.0,37.0,229.0
000581,244664258.48000002,27.0,36.0,84.0,82.0,229.0
300322,41867709.650000021,12.0,47.0,93.0,77.0,229.0
300145,51615034.879999995,58.0,29.0,84.0,58.0,229.0
600506,16330671.960000005,40.0,83.0,63.0,42.0,228.0
600199,593563731.88,67.0,94.0,23.0,44.0,228.0
002327,62348482.619999997,48.0,44.0,76.0,60.0,228.0
002648,193178794.04000002,62.0,69.0,48.0,49.0,228.0
600343,475954302.00999993,57.0,86.0,33.0,52.0,228.0
600747,366668825.40000004,79.0,86.0,25.0,38.0,228.0
600089,1348554258.6600001,38.0,38.0,61.0,91.0,228.0
002113,141945929.47999999,78.0,97.0,21.0,31.0,227.0
002557,44857067.760000013,43.0,25.0,93.0,66.0,227.0
300297,38130269.839999996,46.0,31.0,96.0,54.0,227.0
002463,46955463.230000004,25.0,32.0,93.0,77.0,227.0
600350,187922111.46000007,47.0,7.0,91.0,82.0,227.0
000859,59907896.560000002,83.0,67.0,43.0,34.0,227.0
600209,57459084.400000006,23.0,93.0,59.0,52.0,227.0
601188,112535894.64,51.0,57.0,55.0,64.0,227.0
002535,117073143.7,79.0,42.0,46.0,60.0,227.0
300151,113837240.30000001,99.0,89.0,19.0,19.0,226.0
002422,162201455.18000001,35.0,24.0,92.0,75.0,226.0
000016,110860901.25,24.0,13.0,94.0,95.0,226.0
002067,249274102.63999999,75.0,77.0,26.0,48.0,226.0
000158,105909168.06,52.0,25.0,74.0,75.0,226.0
002250,60148687.280000001,10.0,38.0,93.0,84.0,225.0
000953,25309938.780000001,58.0,44.0,67.0,56.0,225.0
002169,89645464.120000005,83.0,56.0,31.0,55.0,225.0
002660,94142810.129999995,86.0,68.0,27.0,44.0,225.0
002214,33867260.960000001,50.0,37.0,88.0,50.0,225.0
002571,28239863.479999997,17.0,40.0,84.0,84.0,225.0
300053,104752592.41999999,49.0,84.0,52.0,40.0,225.0
600682,96608953.74000001,92.0,20.0,69.0,44.0,225.0
300100,59996760.68,82.0,41.0,49.0,53.0,225.0
000008,121660891.50999999,84.0,47.0,67.0,27.0,225.0
002118,68482442.519999966,41.0,26.0,82.0,76.0,225.0
002548,70914309.769999996,80.0,65.0,38.0,41.0,224.0
600979,29260677.120000005,5.0,39.0,95.0,85.0,224.0
601126,78228949.089999974,50.0,27.0,88.0,59.0,224.0
600869,46605218.910000004,43.0,5.0,99.0,77.0,224.0
002441,56391969.350000001,47.0,21.0,81.0,74.0,223.0
601566,51659520.379999995,38.0,24.0,89.0,72.0,223.0
300201,25457577.550000004,37.0,34.0,80.0,72.0,223.0
601678,78406826.599999934,0.0,60.0,91.0,72.0,223.0
002174,60254669.88000001,59.0,62.0,71.0,31.0,223.0
002165,61755242.820000015,53.0,55.0,56.0,59.0,223.0
600202,117944529.78,54.0,64.0,39.0,66.0,223.0
600803,105358298.40000001,90.0,26.0,66.0,41.0,223.0
300078,25446963.949999996,44.0,37.0,89.0,53.0,223.0
600570,1916724504.21,81.0,100.0,20.0,22.0,223.0
600053,48132948.960000001,60.0,25.0,71.0,67.0,223.0
002149,88323118.159999996,69.0,69.0,36.0,48.0,222.0
600528,4125026666.3599997,86.0,69.0,21.0,46.0,222.0
002226,132939181.2,55.0,81.0,49.0,37.0,222.0
002492,27671186.829999998,2.0,67.0,78.0,75.0,222.0
600694,634237227.96000004,65.0,64.0,34.0,59.0,222.0
600418,616167995.58000004,56.0,29.0,48.0,89.0,222.0
600389,37683175.759999998,42.0,26.0,92.0,62.0,222.0
000916,48843060.739999995,48.0,40.0,78.0,56.0,222.0
002222,26372691.379999995,34.0,71.0,76.0,41.0,222.0
300176,16949780.199999999,28.0,34.0,82.0,77.0,221.0
000933,670583284.0,58.0,48.0,36.0,79.0,221.0
600690,680864973.35000014,28.0,16.0,94.0,83.0,221.0
000338,888725379.36000013,24.0,20.0,85.0,92.0,221.0
600158,1621911505.9899998,81.0,97.0,20.0,22.0,220.0
603128,51100784.980000004,24.0,29.0,96.0,71.0,220.0
600285,134175912.61,52.0,74.0,40.0,54.0,220.0
002151,106287984.28000002,45.0,65.0,60.0,50.0,220.0
002355,123878440.91,88.0,62.0,27.0,43.0,220.0
002389,41258184.569999993,27.0,37.0,81.0,75.0,220.0
600668,97785405.960000008,35.0,81.0,50.0,54.0,220.0
600460,242702490.40000001,71.0,73.0,32.0,44.0,220.0
600112,206547328.68000001,34.0,92.0,37.0,56.0,219.0
000418,257468591.92000002,63.0,26.0,46.0,84.0,219.0
300001,88822104.329999983,16.0,28.0,95.0,80.0,219.0
002262,55769557.040000021,55.0,39.0,85.0,40.0,219.0
300264,24262157.750000007,25.0,49.0,81.0,64.0,219.0
000049,76030979.319999993,28.0,41.0,77.0,73.0,219.0
000670,102516850.66,23.0,92.0,54.0,50.0,219.0
600127,70942703.400000006,57.0,74.0,43.0,45.0,219.0
300305,99930629.539999992,99.0,73.0,22.0,25.0,219.0
600666,42783191.780000001,25.0,32.0,89.0,73.0,219.0
300245,57092585.350000024,31.0,73.0,58.0,57.0,219.0
000525,100147774.48000002,44.0,29.0,75.0,71.0,219.0
300226,208356582.47000003,38.0,63.0,53.0,65.0,219.0
002655,39323139.420000002,32.0,65.0,66.0,56.0,219.0
600719,62922251.939999998,69.0,79.0,37.0,34.0,219.0
603000,136631146.84000003,14.0,68.0,93.0,44.0,219.0
002038,280856307.35000002,54.0,75.0,52.0,38.0,219.0
002703,19602840.300000001,83.0,23.0,71.0,42.0,219.0
002482,564420970.91999996,82.0,52.0,39.0,45.0,218.0
000903,106420010.70999999,46.0,30.0,65.0,77.0,218.0
600862,82243301.700000018,30.0,17.0,83.0,88.0,218.0
300181,42871524.390000008,43.0,46.0,76.0,52.0,217.0
600776,49717809.789999992,31.0,23.0,91.0,72.0,217.0
002593,68901805.189999998,93.0,44.0,47.0,33.0,217.0
002363,138455437.56,54.0,73.0,41.0,49.0,217.0
002189,62764519.939999998,32.0,78.0,56.0,51.0,217.0
002488,104154795.27,50.0,52.0,65.0,50.0,217.0
002646,236722707.10000002,65.0,85.0,32.0,35.0,217.0
002412,28617922.050000001,39.0,53.0,79.0,46.0,217.0
600004,124587527.58999997,17.0,40.0,83.0,76.0,216.0
000661,138836170.90000004,54.0,43.0,70.0,49.0,216.0
600216,249979007.23000002,45.0,66.0,47.0,58.0,216.0
300337,28298467.530000009,23.0,38.0,96.0,59.0,216.0
600599,58543772.819999993,11.0,84.0,56.0,64.0,215.0
600352,508457449.11999989,1.0,31.0,94.0,89.0,215.0
600060,438221583.05000001,39.0,34.0,58.0,84.0,215.0
300330,11302967.140000004,35.0,35.0,87.0,58.0,215.0
600819,75264343.060000002,77.0,32.0,59.0,47.0,215.0
000820,33182292.099999994,29.0,84.0,49.0,53.0,215.0
002579,87150775.259999976,39.0,85.0,46.0,45.0,215.0
002104,88616690.319999993,36.0,62.0,68.0,49.0,215.0
601313,28025993.060000002,48.0,22.0,83.0,62.0,215.0
600171,197216439.20999998,77.0,81.0,27.0,30.0,215.0
000806,413701490.06999993,79.0,91.0,20.0,24.0,214.0
600227,1754948826.1400001,99.0,99.0,15.0,1.0,214.0
002466,19364559.179999996,26.0,11.0,100.0,77.0,214.0
600121,95529228.519999981,27.0,29.0,75.0,83.0,214.0
002685,42625547.590000004,72.0,38.0,70.0,34.0,214.0
600081,26211970.119999986,35.0,13.0,92.0,74.0,214.0
601238,287803940.88,54.0,9.0,84.0,67.0,214.0
300271,51584176.110000007,39.0,42.0,92.0,41.0,214.0
600589,102966794.39,79.0,49.0,38.0,48.0,214.0
000524,83070845.859999999,92.0,98.0,13.0,10.0,213.0
002036,24698656.199999999,25.0,23.0,83.0,82.0,213.0
002061,25304081.119999997,20.0,45.0,79.0,69.0,213.0
002095,94720485.879999995,32.0,90.0,53.0,38.0,213.0
600784,71169005.25999999,11.0,26.0,84.0,92.0,213.0
000766,24295063.250000007,23.0,22.0,88.0,80.0,213.0
300357,22976183.810000002,27.0,51.0,76.0,59.0,213.0
002542,109004258.02000001,82.0,45.0,48.0,38.0,213.0
600795,7798634629.0,63.0,96.0,22.0,32.0,213.0
000700,35981259.959999986,27.0,31.0,94.0,61.0,213.0
600531,62320150.980000049,7.0,17.0,98.0,91.0,213.0
600114,21949265.199999999,39.0,30.0,91.0,52.0,212.0
600272,150685920.18000001,59.0,96.0,23.0,34.0,212.0
000565,40064025.379999995,68.0,60.0,55.0,29.0,212.0
300241,45113447.429999992,45.0,55.0,49.0,63.0,212.0
000697,41895768.400000006,1.0,56.0,90.0,65.0,212.0
600896,203716694.91,49.0,89.0,28.0,46.0,212.0
600863,1075786383.9200001,63.0,99.0,23.0,27.0,212.0
002223,83092029.150000006,44.0,26.0,84.0,58.0,212.0
002715,16855516.079999998,51.0,53.0,59.0,48.0,211.0
002241,218306837.78000003,9.0,33.0,91.0,78.0,211.0
002443,136499932.02000001,72.0,69.0,28.0,42.0,211.0
300311,22323103.690000013,5.0,46.0,93.0,67.0,211.0
002105,28484358.840000011,19.0,49.0,77.0,66.0,211.0
601118,344858716.01999998,19.0,61.0,74.0,57.0,211.0
000809,544882070.24000001,79.0,71.0,24.0,37.0,211.0
603077,36476335.570000008,16.0,22.0,100.0,72.0,210.0
300183,807432869.08000004,100.0,96.0,12.0,2.0,210.0
002483,68460205.480000004,89.0,34.0,46.0,41.0,210.0
600138,141908287.92000008,13.0,45.0,78.0,74.0,210.0
601158,160490060.77999997,13.0,27.0,97.0,73.0,210.0
000788,265599461.79000005,53.0,80.0,32.0,44.0,209.0
300163,11848803.629999999,41.0,36.0,90.0,42.0,209.0
000598,527734323.25,12.0,86.0,51.0,60.0,209.0
000683,65245748.710000023,10.0,20.0,95.0,84.0,209.0
600790,202356931.22,68.0,88.0,26.0,27.0,209.0
600811,364288368.11000013,13.0,70.0,56.0,70.0,209.0
002242,92353350.300000012,34.0,34.0,76.0,65.0,209.0
002651,25062692.759999998,50.0,19.0,92.0,48.0,209.0
300325,35119864.0,56.0,21.0,68.0,64.0,209.0
000869,84627222.900000006,10.0,27.0,95.0,77.0,209.0
002737,593350657.38999987,52.0,93.0,24.0,40.0,209.0
600141,357800816.51999998,60.0,64.0,31.0,54.0,209.0
600088,58874226.979999989,32.0,61.0,68.0,47.0,208.0
000862,75131530.25999999,83.0,61.0,29.0,35.0,208.0
600645,679022048.89999998,90.0,99.0,14.0,5.0,208.0
000151,367983123.30999994,60.0,85.0,24.0,39.0,208.0
002065,224853269.36000001,9.0,36.0,86.0,77.0,208.0
000971,56325551.269999996,67.0,87.0,26.0,27.0,207.0
600792,862727868.43999994,62.0,99.0,20.0,26.0,207.0
000422,237360348.63,41.0,23.0,56.0,87.0,207.0
600093,139719092.24000001,81.0,15.0,38.0,73.0,207.0
000519,39457712.390000008,27.0,21.0,90.0,69.0,207.0
600527,101820387.57000001,57.0,74.0,35.0,41.0,207.0
000430,25054402.609999996,45.0,93.0,38.0,31.0,207.0
600718,297197836.82999992,19.0,46.0,70.0,72.0,207.0
600976,95507739.5,57.0,67.0,40.0,42.0,206.0
000739,115937249.44999999,41.0,50.0,61.0,54.0,206.0
300149,13590691.910000004,30.0,37.0,89.0,50.0,206.0
002423,41816824.539999992,44.0,40.0,75.0,47.0,206.0
002630,190568294.53000003,66.0,36.0,52.0,52.0,206.0
000826,261893304.90000004,22.0,47.0,74.0,63.0,206.0
002322,178600987.63999999,72.0,79.0,22.0,33.0,206.0
600338,34878013.090000004,35.0,65.0,55.0,50.0,205.0
000541,67178819.620000005,18.0,37.0,86.0,64.0,205.0
000875,200922859.48000002,48.0,69.0,36.0,52.0,205.0
000912,16746549.939999998,8.0,15.0,97.0,85.0,205.0
300121,13889815.479999997,31.0,26.0,86.0,61.0,204.0
300219,14459865.699999999,20.0,21.0,98.0,65.0,204.0
002311,227816186.67000002,73.0,55.0,44.0,32.0,204.0
600479,81143706.219999999,54.0,48.0,51.0,51.0,204.0
600583,3136071033.0,67.0,91.0,21.0,25.0,204.0
002709,69972026.959999993,59.0,68.0,42.0,35.0,204.0
000898,502755814.39999998,53.0,27.0,66.0,58.0,204.0
300371,8124013.5999999996,20.0,33.0,82.0,68.0,203.0
002607,106385648.35000001,87.0,60.0,25.0,31.0,203.0
300128,57561535.359999992,41.0,49.0,60.0,53.0,203.0
002608,123205355.37,31.0,75.0,37.0,60.0,203.0
002656,53372729.820000008,72.0,51.0,45.0,35.0,203.0
000889,44787079.68,61.0,53.0,53.0,36.0,203.0
600523,61128759.850000009,53.0,33.0,63.0,54.0,203.0
600726,56597860.040000036,22.0,22.0,86.0,73.0,203.0
600351,54250832.879999995,43.0,34.0,74.0,52.0,203.0
300307,65327239.54999999,59.0,28.0,69.0,47.0,203.0
600186,163747259.33999997,72.0,90.0,20.0,21.0,203.0
600327,91346536.480000004,28.0,52.0,54.0,69.0,203.0
300287,56279027.730000004,38.0,30.0,92.0,43.0,203.0
002616,14321780.059999999,26.0,14.0,98.0,64.0,202.0
002387,21279386.460000001,30.0,75.0,65.0,32.0,202.0
000617,14827318.220000006,19.0,12.0,95.0,76.0,202.0
300197,110323876.30999994,15.0,28.0,78.0,81.0,202.0
600416,227187600.44,82.0,20.0,44.0,56.0,202.0
002190,438779052.04000008,44.0,74.0,33.0,51.0,202.0
000878,251353741.37,2.0,27.0,85.0,88.0,202.0
600980,10125494.600000001,1.0,30.0,95.0,76.0,202.0
600640,37153669.24000001,34.0,19.0,92.0,57.0,202.0
601137,58651565.700000003,66.0,51.0,55.0,30.0,202.0
600821,32706338.380000003,14.0,84.0,59.0,45.0,202.0
600162,295863679.21999997,64.0,28.0,41.0,69.0,202.0
600038,233535553.79000002,35.0,17.0,72.0,77.0,201.0
002181,84890014.800000027,38.0,45.0,80.0,38.0,201.0
000860,450978942.07000005,69.0,44.0,33.0,55.0,201.0
002543,47669154.770000003,54.0,22.0,65.0,60.0,201.0
600398,168383167.62,71.0,9.0,68.0,53.0,201.0
601599,61085286.240000002,66.0,28.0,65.0,42.0,201.0
002275,41068377.910000011,41.0,35.0,85.0,40.0,201.0
002091,46121254.399999991,30.0,20.0,88.0,63.0,201.0
600740,125442547.32000002,19.0,35.0,61.0,86.0,201.0
300253,1155201656.0,81.0,99.0,13.0,8.0,201.0
600633,364648164.41000021,25.0,84.0,48.0,43.0,200.0
300103,239431599.78000003,70.0,94.0,19.0,17.0,200.0
601005,531763667.5,82.0,80.0,19.0,19.0,200.0
600578,923342313.78999996,67.0,90.0,21.0,22.0,200.0
300160,278568058.66000003,100.0,95.0,4.0,0.0,199.0
600671,12409983.369999997,38.0,74.0,57.0,30.0,199.0
600386,31389701.520000003,35.0,19.0,83.0,62.0,199.0
300306,17433494.140000001,41.0,29.0,82.0,47.0,199.0
300024,346489726.86000001,17.0,63.0,77.0,42.0,199.0
600242,15402749.23,9.0,40.0,83.0,67.0,199.0
000921,51030361.200000003,38.0,4.0,88.0,69.0,199.0
300298,28380636.210000016,18.0,47.0,90.0,43.0,198.0
600758,11395732.060000001,34.0,1.0,82.0,81.0,198.0
002369,59858609.200000003,30.0,45.0,63.0,60.0,198.0
002624,34299228.210000001,68.0,11.0,76.0,43.0,198.0
600363,58610470.680000007,30.0,38.0,67.0,63.0,198.0
600987,20308599.960000001,4.0,9.0,98.0,87.0,198.0
000835,38167846.280000016,5.0,74.0,64.0,55.0,198.0
002183,1521053449.0,89.0,59.0,22.0,28.0,198.0
600379,738578486.18000007,81.0,100.0,16.0,1.0,198.0
600593,25360045.459999993,33.0,91.0,40.0,34.0,198.0
600075,17377602.740000006,36.0,7.0,89.0,66.0,198.0
000876,242649581.20999998,19.0,32.0,90.0,57.0,198.0
600833,14948717.689999998,9.0,33.0,91.0,64.0,197.0
600011,1596597455.04,65.0,56.0,40.0,36.0,197.0
002406,22033607.980000004,27.0,20.0,89.0,61.0,197.0
002107,60823704.659999996,18.0,87.0,60.0,32.0,197.0
002048,156798456.02000001,33.0,37.0,56.0,71.0,197.0
002416,35442106.24000001,25.0,3.0,97.0,71.0,196.0
002307,410835968.0,76.0,53.0,25.0,42.0,196.0
600839,234609056.69999999,22.0,5.0,85.0,84.0,196.0
600305,163515738.73000002,89.0,91.0,9.0,7.0,196.0
600731,42511023.939999998,77.0,55.0,32.0,32.0,196.0
000089,85328185.359999985,9.0,43.0,84.0,60.0,196.0
002161,72023905.450000003,40.0,74.0,47.0,35.0,196.0
002498,18051328.959999993,34.0,2.0,100.0,60.0,196.0
600175,305140287.56,66.0,52.0,31.0,47.0,196.0
000025,7829140.4200000018,19.0,33.0,92.0,51.0,195.0
002458,72740772.020000011,98.0,88.0,8.0,1.0,195.0
600601,528040988.98000008,78.0,80.0,19.0,18.0,195.0
600568,141849317.92000002,80.0,46.0,35.0,34.0,195.0
600746,31764862.600000001,62.0,90.0,22.0,21.0,195.0
002619,72983452.00999999,80.0,69.0,23.0,22.0,194.0
002213,11814145.65,38.0,52.0,65.0,39.0,194.0
000838,40775970.93,60.0,11.0,77.0,46.0,194.0
000063,1367607536.27,30.0,16.0,66.0,82.0,194.0
600621,238533533.63,68.0,77.0,22.0,26.0,193.0
600720,1052552527.0,70.0,96.0,18.0,9.0,193.0
002216,32968170.039999999,19.0,29.0,95.0,50.0,193.0
002287,14803916.32,25.0,11.0,99.0,58.0,193.0
002032,31544767.250000007,45.0,4.0,91.0,53.0,193.0
600519,2145730382.7900002,64.0,40.0,55.0,34.0,193.0
002613,56469725.270000011,23.0,55.0,55.0,60.0,193.0
300355,65059262.399999991,29.0,27.0,81.0,56.0,193.0
600018,438414227.0,24.0,32.0,93.0,44.0,193.0
600197,105447557.06,21.0,58.0,55.0,59.0,193.0
002268,576692978.8900001,89.0,96.0,6.0,1.0,192.0
002306,527644310.71999997,57.0,100.0,19.0,16.0,192.0
002232,24665002.449999996,33.0,33.0,81.0,45.0,192.0
300260,27375882.919999998,80.0,49.0,27.0,36.0,192.0
000068,191960457.89999998,74.0,97.0,12.0,9.0,192.0
600613,27037905.220000006,42.0,25.0,87.0,38.0,192.0
002405,191766203.44,41.0,71.0,49.0,31.0,192.0
002362,25891745.520000011,19.0,54.0,72.0,47.0,192.0
600017,155301198.17999998,34.0,58.0,59.0,40.0,191.0
002497,229415961.54000002,83.0,93.0,10.0,5.0,191.0
002504,84440092.579999998,68.0,31.0,53.0,39.0,191.0
000672,219940566.65999997,78.0,89.0,14.0,10.0,191.0
600006,210919243.36999997,40.0,23.0,61.0,66.0,190.0
300239,17968575.030000001,24.0,48.0,81.0,37.0,190.0
300366,21685103.509999998,23.0,30.0,79.0,58.0,190.0
600755,1619853346.52,83.0,45.0,23.0,39.0,190.0
600825,52724865.600000024,3.0,33.0,92.0,62.0,190.0
600730,53463222.420000002,33.0,35.0,74.0,48.0,190.0
600362,782651140.10000038,13.0,18.0,72.0,86.0,189.0
300367,52972177.950000003,33.0,39.0,88.0,29.0,189.0
600125,528377815.76000005,52.0,78.0,25.0,34.0,189.0
600983,29765787.45000001,29.0,3.0,93.0,64.0,189.0
600880,98044030.729999989,7.0,64.0,64.0,53.0,188.0
603188,59305213.409999996,14.0,37.0,91.0,46.0,188.0
300044,35616568.200000003,13.0,51.0,67.0,57.0,188.0
600020,128170489.16000003,47.0,35.0,58.0,48.0,188.0
002047,47660994.810000002,57.0,9.0,66.0,56.0,188.0
002658,79052249.38000001,53.0,59.0,46.0,30.0,188.0
002364,14867909.999999993,1.0,18.0,99.0,69.0,187.0
300193,29839231.360000007,41.0,21.0,82.0,43.0,187.0
002238,28728510.720000006,42.0,24.0,84.0,37.0,187.0
600673,242062211.03999999,42.0,62.0,54.0,29.0,187.0
002037,102490778.31999999,62.0,35.0,46.0,44.0,187.0
002269,66673748.959999979,2.0,24.0,98.0,63.0,187.0
000836,64175120.710000008,83.0,43.0,36.0,24.0,186.0
601880,133578174.24999997,34.0,19.0,89.0,44.0,186.0
002510,35241901.829999983,37.0,18.0,82.0,49.0,186.0
601233,598907219.20000005,88.0,73.0,16.0,9.0,186.0
300087,9348203.4499999993,8.0,16.0,97.0,65.0,186.0
002012,17552583.850000001,8.0,29.0,88.0,61.0,186.0
600151,222284619.0,42.0,47.0,49.0,47.0,185.0
300224,113724824.23999999,45.0,58.0,50.0,32.0,185.0
300365,14359823.600000001,36.0,31.0,74.0,43.0,184.0
600566,52829293.209999986,51.0,31.0,54.0,48.0,184.0
600597,310054033.35999995,31.0,48.0,57.0,48.0,184.0
000632,120261140.55000001,69.0,35.0,30.0,50.0,184.0
300407,418904650.63999999,78.0,97.0,8.0,1.0,184.0
600555,674396450.43000007,64.0,95.0,17.0,8.0,184.0
600449,368093432.24000001,71.0,86.0,17.0,10.0,184.0
600281,85835361.420000002,66.0,63.0,26.0,29.0,184.0
600858,93441789.900000006,27.0,36.0,59.0,62.0,184.0
300088,108991015.78000005,40.0,44.0,66.0,34.0,184.0
601965,33841588.919999987,12.0,20.0,97.0,54.0,183.0
600706,84879359.74000001,82.0,82.0,12.0,7.0,183.0
600688,330175128.25,1.0,47.0,57.0,77.0,182.0
600007,145941417.00999999,61.0,91.0,14.0,16.0,182.0
000877,790532544.81999993,68.0,88.0,17.0,9.0,182.0
002440,289821865.63999993,28.0,65.0,40.0,49.0,182.0
600193,39939367.07,22.0,98.0,34.0,28.0,182.0
600315,288036606.69999999,21.0,51.0,62.0,48.0,182.0
300318,23366698.810000014,35.0,54.0,68.0,25.0,182.0
002451,64023144.0,63.0,73.0,22.0,24.0,182.0
300105,55908623.079999968,15.0,41.0,75.0,51.0,182.0
600610,26315605.860000003,71.0,33.0,45.0,32.0,181.0
600482,64094169.770000011,21.0,38.0,71.0,51.0,181.0
000823,49391289.949999996,27.0,27.0,76.0,51.0,181.0
600051,42255174.740000002,39.0,6.0,66.0,70.0,181.0
600877,64506696.739999995,33.0,71.0,44.0,33.0,181.0
002175,129353875.7,97.0,72.0,6.0,6.0,181.0
600118,661219747.36000001,46.0,70.0,33.0,32.0,181.0
300129,24794414.740000002,7.0,17.0,90.0,67.0,181.0
002025,84976834.200000018,42.0,39.0,60.0,40.0,181.0
600770,62865163.189999983,17.0,40.0,79.0,45.0,181.0
300188,36658554.599999994,38.0,41.0,68.0,33.0,180.0
300120,8089372.1899999976,3.0,29.0,88.0,60.0,180.0
000757,18546170.170000002,31.0,50.0,64.0,35.0,180.0
300314,33915051.909999996,43.0,67.0,43.0,27.0,180.0
002243,39531344.759999998,48.0,63.0,39.0,30.0,180.0
300152,29128608.100000009,4.0,19.0,97.0,60.0,180.0
002341,233235688.68000001,68.0,82.0,17.0,13.0,180.0
000417,111297796.5,18.0,34.0,62.0,66.0,180.0
000061,948809415.75999999,61.0,94.0,15.0,9.0,179.0
000825,240383814.30000007,11.0,19.0,83.0,66.0,179.0
600962,125745148.40000001,59.0,82.0,19.0,19.0,179.0
600735,81150003.030000001,80.0,77.0,11.0,11.0,179.0
002233,311166727.97000003,66.0,87.0,15.0,11.0,179.0
002087,92503465.670000002,65.0,34.0,33.0,47.0,179.0
603369,154167412.12,67.0,44.0,41.0,26.0,178.0
600820,347348959.96000004,13.0,14.0,76.0,75.0,178.0
002399,50437321.939999998,13.0,9.0,99.0,57.0,178.0
000915,65618146.840000004,32.0,60.0,48.0,38.0,178.0
600653,96781518.559999973,14.0,28.0,67.0,69.0,178.0
603555,30906199.940000005,15.0,10.0,73.0,80.0,178.0
300360,32691176.380000003,38.0,34.0,59.0,47.0,178.0
000596,453503625.48000002,65.0,67.0,22.0,24.0,178.0
600023,185345457.44,18.0,9.0,83.0,68.0,178.0
300279,32122253.31000001,26.0,37.0,56.0,58.0,177.0
002031,47815757.949999988,4.0,20.0,98.0,55.0,177.0
000096,269573957.98000002,66.0,90.0,15.0,6.0,177.0
000028,92296755.809999987,43.0,8.0,76.0,50.0,177.0
603011,43761779.399999991,27.0,56.0,57.0,37.0,177.0
600812,76325581.779999986,37.0,14.0,74.0,52.0,177.0
000548,38313362.980000004,19.0,32.0,72.0,54.0,177.0
002194,20237539.670000002,13.0,12.0,93.0,59.0,177.0
002365,24828729.119999997,44.0,53.0,45.0,35.0,177.0
000856,40046144.519999996,74.0,34.0,33.0,35.0,176.0
002206,20386577.759999998,12.0,17.0,84.0,63.0,176.0
000850,68899666.079999983,19.0,57.0,61.0,39.0,176.0
002393,24946118.29999999,20.0,25.0,87.0,44.0,176.0
600801,626684844.3599999,69.0,79.0,17.0,11.0,176.0
600558,241691705.53000003,75.0,87.0,9.0,5.0,176.0
600396,106380539.10000002,53.0,66.0,29.0,28.0,176.0
002421,299831129.51999998,73.0,77.0,14.0,12.0,176.0
600261,44913515.25,10.0,17.0,94.0,55.0,176.0
600859,126476384.82000002,20.0,25.0,75.0,56.0,176.0
000726,336722654.09999996,67.0,75.0,18.0,15.0,175.0
300261,8503481.589999998,38.0,14.0,94.0,29.0,175.0
000678,55360810.800000004,49.0,58.0,34.0,34.0,175.0
600525,416758782.62,67.0,70.0,19.0,19.0,175.0
000153,180821754.57999998,68.0,87.0,14.0,6.0,175.0
300099,12546940.289999999,24.0,30.0,86.0,35.0,175.0
002544,492154923.45000005,70.0,87.0,12.0,6.0,175.0
600708,162685993.56,89.0,2.0,34.0,50.0,175.0
300381,46002436.039999992,35.0,54.0,30.0,56.0,175.0
600211,24074221.609999999,21.0,55.0,66.0,32.0,174.0
000561,17857976.149999999,15.0,11.0,95.0,53.0,174.0
603001,207633907.54000002,96.0,56.0,14.0,8.0,174.0
600965,17386828.560000006,21.0,22.0,85.0,46.0,174.0
002082,17535983.0,19.0,22.0,74.0,59.0,174.0
002373,75307127.060000017,44.0,22.0,72.0,36.0,174.0
000022,302070158.54000002,66.0,94.0,10.0,4.0,174.0
600168,143323878.25999999,42.0,72.0,32.0,28.0,174.0
300035,19940915.409999996,31.0,36.0,59.0,47.0,173.0
000882,112300693.73999998,58.0,40.0,42.0,33.0,173.0
000557,416704485.0,59.0,96.0,15.0,3.0,173.0
300210,12726083.51,31.0,15.0,77.0,50.0,173.0
600617,23602867.640000004,21.0,5.0,92.0,55.0,173.0
300368,92927355.359999999,58.0,81.0,17.0,17.0,173.0
002144,19605742.5,19.0,51.0,64.0,39.0,173.0
601177,152162076.48000002,66.0,70.0,19.0,18.0,173.0
002286,16028527.530000009,12.0,35.0,77.0,49.0,173.0
002398,76141725.569999993,57.0,53.0,32.0,31.0,173.0
000785,73254974.920000002,70.0,70.0,17.0,16.0,173.0
600333,17862502.299999997,5.0,31.0,89.0,48.0,173.0
002611,86326718.699999988,76.0,58.0,19.0,19.0,172.0
002553,39519826.32,58.0,72.0,21.0,21.0,172.0
002073,118767058.38,20.0,27.0,63.0,62.0,172.0
601636,20085667.150000006,2.0,5.0,100.0,65.0,172.0
002111,34965824.719999991,23.0,27.0,74.0,48.0,172.0
000707,92514944.299999997,77.0,20.0,30.0,45.0,172.0
300240,10299787.359999999,24.0,10.0,96.0,42.0,172.0
300351,171830916.74000001,67.0,92.0,9.0,4.0,172.0
600400,38570393.729999997,51.0,9.0,73.0,38.0,171.0
300067,15858845.719999999,11.0,25.0,87.0,48.0,171.0
000810,9957126.0900000036,3.0,1.0,99.0,68.0,171.0
600488,65894092.139999971,41.0,50.0,47.0,33.0,171.0
002465,251772263.85000002,36.0,47.0,57.0,31.0,171.0
300158,14682759.43,32.0,8.0,88.0,43.0,171.0
002231,26812368.720000014,4.0,46.0,64.0,57.0,171.0
600873,523223691.44,64.0,78.0,16.0,13.0,171.0
002117,57459793.139999986,31.0,56.0,54.0,30.0,171.0
002314,27808665.600000001,58.0,2.0,70.0,41.0,171.0
002649,157697881.92000002,57.0,78.0,18.0,17.0,170.0
600624,92678819.540000021,20.0,79.0,41.0,30.0,170.0
002332,155373474.59999999,51.0,68.0,24.0,27.0,170.0
002433,68379084.479999989,32.0,22.0,70.0,46.0,170.0
600585,3559350596.4200001,65.0,81.0,15.0,9.0,170.0
002099,16582240.519999996,9.0,5.0,98.0,58.0,170.0
002430,37568878.050000019,24.0,10.0,86.0,50.0,170.0
002300,28299925.890000001,50.0,27.0,60.0,33.0,170.0
000722,19436668.079999991,13.0,37.0,80.0,40.0,170.0
600190,15397949.509999998,8.0,23.0,96.0,43.0,170.0
600861,16462610.599999994,18.0,8.0,88.0,55.0,169.0
002569,6364157.9200000018,25.0,17.0,90.0,37.0,169.0
002325,104402030.36999999,40.0,24.0,62.0,43.0,169.0
002158,12430943.960000005,10.0,7.0,99.0,53.0,169.0
002584,16870681.710000001,7.0,13.0,93.0,56.0,169.0
600500,258038516.21999997,22.0,16.0,67.0,64.0,169.0
600372,317846862.26000005,39.0,36.0,62.0,32.0,169.0
002132,33154547.760000005,15.0,30.0,75.0,49.0,169.0
002549,72174843.789999992,71.0,88.0,5.0,5.0,169.0
002385,80940439.619999945,4.0,15.0,97.0,53.0,169.0
300383,25955735.910000019,16.0,12.0,98.0,43.0,169.0
600559,352725362.18000001,72.0,89.0,6.0,2.0,169.0
300380,45233610.590000018,14.0,75.0,44.0,36.0,169.0
000034,132317208.36,96.0,10.0,25.0,37.0,168.0
600353,12515849.900000002,12.0,12.0,96.0,48.0,168.0
600218,27446099.710000008,22.0,15.0,81.0,50.0,168.0
002708,14333967.340000007,15.0,17.0,85.0,51.0,168.0
000735,65275262.199999988,2.0,34.0,75.0,57.0,168.0
600562,279647409.21000004,70.0,87.0,7.0,4.0,168.0
002203,331563744.96000004,67.0,59.0,21.0,21.0,168.0
300284,28214720.999999985,25.0,5.0,80.0,57.0,167.0
002448,30457940.060000002,23.0,35.0,77.0,32.0,167.0
002599,5331434.8399999999,18.0,14.0,89.0,46.0,167.0
002090,12347512.229999997,3.0,6.0,94.0,64.0,167.0
600283,81096048.880000025,28.0,49.0,46.0,44.0,167.0
002494,9801444.0,16.0,10.0,94.0,46.0,166.0
000507,209660255.75000012,24.0,89.0,25.0,28.0,166.0
002380,9532216.7899999991,10.0,4.0,94.0,58.0,166.0
600891,25762305.229999989,50.0,8.0,62.0,46.0,166.0
600189,18877021.140000008,12.0,15.0,82.0,57.0,166.0
600579,118602408.53999999,70.0,80.0,12.0,4.0,166.0
000503,127831269.76999998,5.0,77.0,57.0,26.0,165.0
002057,28160532.299999997,31.0,71.0,36.0,27.0,165.0
002620,19605268.700000007,44.0,15.0,59.0,46.0,164.0
002455,9756839.2400000002,26.0,12.0,86.0,40.0,164.0
600380,568344107.0,63.0,71.0,17.0,13.0,164.0
002301,69504537.039999992,64.0,52.0,24.0,24.0,164.0
600888,70427928.479999974,7.0,25.0,68.0,64.0,164.0
002459,28798927.719999999,75.0,42.0,24.0,23.0,164.0
300090,37752975.779999986,1.0,7.0,96.0,60.0,164.0
000868,70236278.879999995,38.0,19.0,54.0,53.0,164.0
002129,79455249.149999976,12.0,14.0,97.0,41.0,164.0
300272,46430649.879999988,49.0,63.0,27.0,24.0,163.0
601016,29434087.209999993,5.0,12.0,94.0,52.0,163.0
000031,1229427854.5,52.0,32.0,26.0,53.0,163.0
000828,55122282.25999999,22.0,32.0,71.0,38.0,163.0
600498,93415205.240000039,17.0,4.0,85.0,57.0,163.0
600828,31461987.740000002,8.0,14.0,81.0,60.0,163.0
002289,306501271.67000002,63.0,89.0,10.0,1.0,163.0
002381,21519037.289999995,52.0,15.0,61.0,35.0,163.0
300215,36552979.390000008,28.0,61.0,45.0,29.0,163.0
300119,11641536.240000002,5.0,17.0,85.0,55.0,162.0
002650,127672831.0,63.0,87.0,6.0,6.0,162.0
002519,18488767.240000002,30.0,12.0,88.0,31.0,161.0
601199,36503218.940000005,31.0,23.0,81.0,26.0,161.0
300040,41026807.93,29.0,39.0,42.0,51.0,161.0
002340,76848271.879999965,2.0,11.0,97.0,51.0,161.0
300345,47099160.799999997,60.0,63.0,19.0,19.0,161.0
000960,197686810.68000001,14.0,33.0,68.0,46.0,161.0
002027,15243994.5,17.0,1.0,91.0,51.0,160.0
601098,121029434.51000005,13.0,9.0,90.0,48.0,160.0
002245,20446979.040000014,18.0,11.0,94.0,37.0,160.0
600495,276253935.39999986,11.0,81.0,40.0,28.0,160.0
600843,112281847.02000001,53.0,55.0,25.0,27.0,160.0
300263,134422578.63999999,75.0,65.0,10.0,9.0,159.0
002681,39029991.82,37.0,38.0,61.0,23.0,159.0
600183,439409174.55000001,68.0,70.0,14.0,7.0,159.0
600461,73925739.859999985,21.0,66.0,37.0,35.0,159.0
000521,335852615.34999996,72.0,44.0,20.0,23.0,159.0
300302,8630994.0600000024,5.0,17.0,97.0,40.0,159.0
300154,17326396.199999999,25.0,13.0,84.0,37.0,159.0
300155,117825632.69999999,41.0,80.0,19.0,19.0,159.0
600526,218708429.96000001,46.0,46.0,29.0,38.0,159.0
600609,71035513.99999997,47.0,10.0,54.0,47.0,158.0
601789,89303775.469999999,57.0,9.0,56.0,36.0,158.0
002224,119430933.00000001,60.0,77.0,13.0,8.0,158.0
300062,8764513.1400000006,2.0,3.0,82.0,70.0,157.0
600605,6596335.5999999978,3.0,17.0,91.0,46.0,157.0
600970,1232488057.7800002,74.0,57.0,16.0,10.0,157.0
002094,58333617.449999996,56.0,51.0,26.0,24.0,157.0
600698,38379657.040000007,50.0,46.0,33.0,28.0,157.0
600172,45758465.120000005,31.0,22.0,63.0,40.0,156.0
002470,110182840.46000002,48.0,24.0,62.0,22.0,156.0
002513,5961439.4499999993,1.0,4.0,97.0,54.0,156.0
600476,10954369.250000004,11.0,45.0,71.0,28.0,155.0
002627,19600138.280000001,35.0,31.0,53.0,36.0,155.0
300008,28131742.299999997,35.0,18.0,57.0,45.0,155.0
000852,124378532.62,61.0,30.0,37.0,27.0,155.0
002480,280378957.12,71.0,73.0,9.0,2.0,155.0
600998,186216467.92999995,40.0,5.0,70.0,40.0,155.0
600220,36124509.239999995,11.0,23.0,80.0,40.0,154.0
600225,37748027.259999998,32.0,2.0,78.0,42.0,154.0
000401,619666524.78999996,77.0,62.0,11.0,4.0,154.0
002156,13525781.039999995,16.0,3.0,97.0,38.0,154.0
600019,2505757442.5,69.0,35.0,25.0,25.0,154.0
002131,94612470.019999996,71.0,36.0,26.0,21.0,154.0
002596,88624733.920000032,49.0,54.0,23.0,27.0,153.0
300281,16645870.300000001,17.0,38.0,64.0,34.0,153.0
600444,28429646.399999999,68.0,56.0,15.0,14.0,153.0
002725,27024196.759999998,35.0,59.0,31.0,28.0,153.0
002125,8520953.4000000004,16.0,18.0,78.0,41.0,153.0
002585,13365923.420000009,2.0,4.0,98.0,49.0,153.0
600641,255453171.87,61.0,47.0,21.0,24.0,153.0
601058,27753912.859999999,10.0,3.0,99.0,41.0,153.0
601996,29455873.860000014,6.0,29.0,73.0,45.0,153.0
600879,432969108.55999982,45.0,58.0,24.0,26.0,153.0
000570,14783439.380000006,17.0,8.0,86.0,42.0,153.0
000703,353137089.15999997,68.0,50.0,18.0,17.0,153.0
300051,94987885.969999999,27.0,95.0,17.0,14.0,153.0
601113,16219514.500000007,47.0,6.0,70.0,30.0,153.0
600378,40422509.539999992,71.0,61.0,9.0,11.0,152.0
002674,12474919.08,36.0,8.0,76.0,32.0,152.0
002179,85239178.319999993,27.0,19.0,70.0,36.0,152.0
000791,218891820.98000002,69.0,79.0,3.0,1.0,152.0
300286,7940058.7899999991,7.0,23.0,83.0,39.0,152.0
002192,25679879.829999998,35.0,67.0,27.0,23.0,152.0
300363,17786947.610000007,15.0,31.0,80.0,26.0,152.0
600268,99436801.320000008,29.0,19.0,50.0,54.0,152.0
002454,43309137.910000026,39.0,18.0,53.0,42.0,152.0
002221,30657570.280000001,10.0,3.0,98.0,41.0,152.0
603010,12060655.219999999,15.0,30.0,73.0,33.0,151.0
600696,59102161.920000002,56.0,53.0,21.0,21.0,151.0
000709,1417810156.5500002,69.0,38.0,21.0,23.0,151.0
002489,7653655.1999999993,6.0,1.0,100.0,44.0,151.0
002595,19550743.169999994,6.0,13.0,96.0,36.0,151.0
600192,26257651.680000007,8.0,8.0,83.0,52.0,151.0
000890,91962773.960000008,67.0,54.0,16.0,14.0,151.0
300045,31518829.200000003,18.0,47.0,58.0,28.0,151.0
002434,9788645.9999999981,17.0,2.0,99.0,32.0,150.0
000559,222284570.76000011,6.0,35.0,68.0,41.0,150.0
600975,87127320.210000008,49.0,71.0,15.0,15.0,150.0
000573,122054704.54000002,66.0,62.0,14.0,8.0,150.0
600586,95917423.539999977,29.0,42.0,42.0,36.0,149.0
600831,35063681.940000013,15.0,39.0,62.0,33.0,149.0
000679,63267553.440000005,56.0,12.0,39.0,42.0,149.0
000587,212688702.49000001,82.0,32.0,18.0,17.0,149.0
600058,1150045476.6800001,67.0,49.0,18.0,15.0,149.0
300061,20040781.350000001,21.0,45.0,48.0,35.0,149.0
000733,47663274.559999987,26.0,11.0,69.0,42.0,148.0
600724,219094483.13999999,61.0,21.0,31.0,35.0,148.0
002285,314699679.98000002,63.0,57.0,13.0,15.0,148.0
002353,159483878.13,7.0,30.0,69.0,41.0,147.0
002343,54249551.669999994,49.0,39.0,28.0,31.0,147.0
002030,161846001.48000002,46.0,64.0,18.0,19.0,147.0
002177,69651929.730000019,25.0,61.0,32.0,29.0,147.0
300392,87802350.039999992,39.0,69.0,19.0,19.0,146.0
000012,223286314.34000003,8.0,79.0,30.0,29.0,146.0
600808,948446044.0,64.0,54.0,16.0,12.0,146.0
300276,20837082.969999984,10.0,40.0,59.0,37.0,146.0
002449,32278277.500000007,27.0,18.0,62.0,39.0,146.0
601677,175113306.04000002,63.0,54.0,16.0,13.0,146.0
600148,49443272.740000002,37.0,69.0,20.0,20.0,146.0
002092,90941517.799999982,1.0,10.0,72.0,63.0,146.0
002522,80682753.390000001,64.0,79.0,2.0,1.0,146.0
000789,95270756.439999968,21.0,42.0,49.0,34.0,146.0
600074,87984690.479999989,69.0,41.0,17.0,18.0,145.0
300294,20311468.530000009,26.0,28.0,67.0,24.0,145.0
000778,1283614132.05,64.0,58.0,15.0,8.0,145.0
000725,619065340.5,11.0,9.0,77.0,48.0,145.0
002554,25631263.460000001,10.0,18.0,81.0,36.0,145.0
002291,19329690.640000001,32.0,7.0,69.0,37.0,145.0
002376,43376466.349999979,18.0,35.0,59.0,32.0,144.0
300137,56651587.620000005,16.0,56.0,41.0,31.0,144.0
300180,16243383.280000001,14.0,13.0,86.0,31.0,144.0
601107,105928625.25,21.0,22.0,62.0,39.0,144.0
600120,197381706.24000001,48.0,46.0,25.0,25.0,144.0
000090,439575902.22000003,71.0,43.0,17.0,13.0,144.0
002404,36131863.389999993,25.0,41.0,49.0,29.0,144.0
600198,58921153.0,37.0,7.0,70.0,30.0,144.0
300231,84932019.800000012,33.0,72.0,19.0,19.0,143.0
600771,16885499.940000005,10.0,27.0,78.0,28.0,143.0
000608,159529151.32000002,52.0,50.0,20.0,21.0,143.0
300213,141076868.19999999,52.0,83.0,7.0,1.0,143.0
002017,17481497.039999999,9.0,22.0,79.0,33.0,143.0
002391,35207315.200000018,6.0,32.0,61.0,43.0,142.0
600200,46936948.850000009,16.0,18.0,69.0,39.0,142.0
300243,9097568.9400000013,8.0,16.0,71.0,47.0,142.0
002668,27415061.100000001,17.0,14.0,64.0,47.0,142.0
002533,58437143.060000002,55.0,36.0,26.0,25.0,142.0
000951,461480068.60000002,69.0,39.0,18.0,16.0,142.0
300340,31050957.900000006,38.0,51.0,26.0,26.0,141.0
300400,16448437.499999996,25.0,48.0,41.0,27.0,141.0
600846,57553659.439999998,6.0,8.0,71.0,56.0,141.0
002706,21085727.559999987,22.0,24.0,62.0,33.0,141.0
002002,135136113.0,75.0,46.0,8.0,11.0,140.0
300190,77230812.920000017,53.0,58.0,13.0,16.0,140.0
600992,46991773.800000004,66.0,42.0,16.0,16.0,140.0
002342,28858358.88000001,3.0,18.0,79.0,40.0,140.0
600773,149973670.03,66.0,19.0,28.0,27.0,140.0
600249,55422341.640000001,59.0,49.0,16.0,16.0,140.0
000014,77439795.719999999,62.0,46.0,16.0,15.0,139.0
002313,55432410.219999999,22.0,24.0,50.0,43.0,139.0
002481,91367395.590000004,86.0,44.0,3.0,6.0,139.0
600463,12449436.949999999,22.0,5.0,78.0,34.0,139.0
002724,51762833.429999992,26.0,52.0,27.0,33.0,138.0
300334,56644818.280000001,34.0,50.0,30.0,24.0,138.0
000631,248991330.59999996,60.0,31.0,24.0,23.0,138.0
002310,643982471.96000004,67.0,51.0,12.0,8.0,138.0
000518,74239262.700000003,21.0,79.0,19.0,19.0,138.0
600180,208134180.04999998,61.0,22.0,28.0,27.0,138.0
600822,25196459.669999994,14.0,6.0,73.0,45.0,138.0
002601,22960866.450000003,5.0,11.0,92.0,30.0,138.0
600600,158862727.80000001,41.0,16.0,54.0,27.0,138.0
300082,19214912.75,4.0,9.0,91.0,33.0,137.0
002729,15766476.199999999,40.0,65.0,16.0,16.0,137.0
600287,164885852.71000001,58.0,66.0,10.0,3.0,137.0
300402,46109347.269999988,34.0,54.0,22.0,26.0,136.0
002374,67690161.370000005,64.0,42.0,14.0,16.0,136.0
002487,16602455.289999999,5.0,13.0,83.0,35.0,136.0
002420,22157603.330000006,43.0,9.0,53.0,31.0,136.0
300376,29441806.189999998,12.0,10.0,73.0,41.0,136.0
601799,24714948.909999996,52.0,12.0,47.0,25.0,136.0
300185,50666984.839999989,28.0,12.0,58.0,38.0,136.0
600054,39180721.030000001,34.0,29.0,43.0,30.0,136.0
600622,69526488.300000012,7.0,7.0,61.0,61.0,136.0
600522,86665900.439999998,8.0,8.0,87.0,33.0,136.0
002246,19710313.130000003,13.0,31.0,63.0,28.0,135.0
000529,17030846.699999996,1.0,26.0,78.0,30.0,135.0
600850,173333977.75999999,67.0,46.0,10.0,12.0,135.0
600483,55016914.420000002,81.0,12.0,21.0,21.0,135.0
600917,37495195.699999996,26.0,17.0,43.0,49.0,135.0
000801,128607953.5,66.0,38.0,14.0,17.0,135.0
000421,16571390.700000003,22.0,4.0,72.0,37.0,135.0
600064,484317933.00999999,75.0,47.0,10.0,3.0,135.0
600106,127996797.66,29.0,66.0,20.0,20.0,135.0
002016,187035499.42000002,65.0,46.0,14.0,10.0,135.0
300227,42990875.699999973,21.0,92.0,11.0,10.0,134.0
002008,179958754.17000002,23.0,44.0,39.0,28.0,134.0
600505,62134416.040000007,33.0,92.0,6.0,3.0,134.0
300117,18379612.080000002,43.0,4.0,61.0,26.0,134.0
000932,349581135.60000002,67.0,19.0,23.0,25.0,134.0
600133,60040955.790000007,12.0,3.0,64.0,55.0,134.0
600097,37302694.0,53.0,53.0,13.0,14.0,133.0
300038,45886897.180000022,28.0,36.0,34.0,35.0,133.0
600361,151581665.88,68.0,25.0,20.0,20.0,133.0
002220,10553205.899999999,4.0,3.0,88.0,38.0,133.0
000078,99438568.800000012,29.0,9.0,64.0,31.0,133.0
000920,58835552.699999988,4.0,81.0,25.0,22.0,132.0
600368,68913369.239999995,26.0,24.0,45.0,37.0,132.0
600551,36344201.920000002,7.0,8.0,80.0,37.0,132.0
002568,44435455.619999997,55.0,57.0,6.0,14.0,132.0
600388,483633198.54000002,46.0,48.0,19.0,19.0,132.0
002252,164434538.39000002,75.0,42.0,3.0,12.0,132.0
000404,185725736.00000003,54.0,38.0,19.0,19.0,130.0
300047,44591008.159999989,30.0,36.0,35.0,29.0,130.0
000039,1485234804.8400002,70.0,40.0,14.0,6.0,130.0
002604,88819342.160000026,17.0,72.0,21.0,20.0,130.0
002153,237759920.61999995,51.0,64.0,6.0,9.0,130.0
600409,69621160.860000014,7.0,20.0,68.0,34.0,129.0
603366,29935720.200000003,20.0,11.0,73.0,25.0,129.0
603099,17711064.940000001,20.0,54.0,30.0,25.0,129.0
002260,22521654.490000002,45.0,58.0,10.0,16.0,129.0
600510,96789777.430000007,66.0,6.0,30.0,27.0,129.0
002670,11123488.559999999,11.0,3.0,75.0,39.0,128.0
300408,73691694.439999983,35.0,25.0,47.0,21.0,128.0
600462,16949710.099999998,57.0,60.0,4.0,7.0,128.0
600280,177802278.29000002,64.0,19.0,23.0,21.0,127.0
300106,12715858.979999997,10.0,11.0,73.0,33.0,127.0
603688,23362605.680000015,11.0,42.0,40.0,34.0,127.0
600895,312286155.90999997,12.0,46.0,38.0,31.0,127.0
002197,27049388.409999996,5.0,21.0,68.0,32.0,126.0
300401,46186723.489999995,33.0,80.0,7.0,6.0,126.0
300310,12877524.029999997,30.0,6.0,63.0,27.0,126.0
300172,82303693.159999982,42.0,65.0,9.0,10.0,126.0
000948,24364513.900000002,46.0,21.0,35.0,24.0,126.0
300177,58109568.480000004,29.0,49.0,24.0,23.0,125.0
002358,234096666.80000007,55.0,63.0,4.0,3.0,125.0
300262,90782971.660000026,22.0,66.0,18.0,18.0,124.0
000926,657854234.25999999,59.0,28.0,19.0,18.0,124.0
300225,13320119.539999999,12.0,26.0,60.0,26.0,124.0
600502,81536014.530000031,6.0,7.0,70.0,41.0,124.0
002546,20393402.850000005,25.0,21.0,55.0,23.0,124.0
600629,78783385.13000001,81.0,32.0,6.0,4.0,123.0
000759,20000796.380000003,6.0,6.0,80.0,31.0,123.0
000705,26098382.920000002,21.0,32.0,42.0,28.0,123.0
002705,9268145.6699999981,4.0,2.0,80.0,37.0,123.0
300299,22004278.379999995,44.0,46.0,15.0,17.0,122.0
600086,147383734.72,78.0,23.0,8.0,13.0,122.0
000702,23715618.179999996,40.0,69.0,6.0,7.0,122.0
300333,41909147.260000005,28.0,65.0,12.0,17.0,122.0
600966,134722066.55000001,64.0,32.0,13.0,13.0,122.0
600687,322227052.26999998,66.0,44.0,7.0,5.0,122.0
300084,55447680.969999999,44.0,72.0,3.0,2.0,121.0
002034,18180705.039999999,60.0,33.0,14.0,14.0,121.0
002302,158041489.06999999,68.0,25.0,13.0,15.0,121.0
600113,98023691.920000017,2.0,99.0,12.0,8.0,121.0
300250,58000801.599999994,51.0,63.0,4.0,2.0,120.0
300220,27947967.850000009,28.0,76.0,9.0,7.0,120.0
002187,27342437.870000001,37.0,11.0,46.0,26.0,120.0
002305,237017898.63,61.0,17.0,21.0,21.0,120.0
000900,84919865.800000027,34.0,17.0,40.0,29.0,120.0
000919,44243194.510000005,26.0,26.0,43.0,25.0,120.0
002116,34796331.539999992,27.0,14.0,53.0,26.0,120.0
600130,17740966.290000007,1.0,19.0,69.0,30.0,119.0
600376,2528879499.4400001,67.0,26.0,17.0,9.0,119.0
300094,33912205.890000008,48.0,24.0,26.0,21.0,119.0
002356,18519251.600000001,95.0,5.0,4.0,14.0,118.0
601877,236285211.22000003,62.0,32.0,10.0,14.0,118.0
002683,16968347.140000001,11.0,6.0,77.0,23.0,117.0
000038,11000395.300000001,56.0,10.0,26.0,24.0,116.0
002671,15483102.599999994,8.0,13.0,65.0,30.0,116.0
002080,21575368.599999994,24.0,3.0,55.0,34.0,116.0
300312,16766817.370000012,7.0,16.0,64.0,29.0,116.0
600057,168664778.38,65.0,7.0,22.0,22.0,116.0
600685,576759612.96000004,80.0,22.0,10.0,4.0,116.0
600067,470151428.25,61.0,40.0,11.0,4.0,116.0
002133,88270203.010000005,62.0,16.0,19.0,18.0,115.0
600890,29953878.879999995,24.0,82.0,4.0,5.0,115.0
002200,31956617.999999993,6.0,19.0,48.0,42.0,115.0
002185,127720996.08000001,34.0,43.0,18.0,19.0,114.0
600789,86645209.869999975,12.0,52.0,25.0,25.0,114.0
603088,17205482.720000003,18.0,56.0,20.0,20.0,114.0
002727,68127956.549999997,40.0,29.0,23.0,21.0,113.0
000969,48089761.299999997,3.0,15.0,63.0,32.0,113.0
601908,57037405.400000006,53.0,16.0,23.0,20.0,112.0
300068,78443747.619999975,34.0,13.0,36.0,29.0,112.0
002229,49663733.779999986,15.0,62.0,17.0,17.0,111.0
300399,33077959.299999997,26.0,70.0,8.0,7.0,111.0
002228,35506979.560000002,73.0,30.0,2.0,6.0,111.0
300007,16067875.840000004,20.0,15.0,53.0,23.0,111.0
300288,50688831.970000006,30.0,77.0,1.0,3.0,111.0
002371,67640466.340000004,54.0,48.0,4.0,5.0,111.0
000002,8564992861.75,61.0,20.0,17.0,13.0,111.0
300387,9821033.3000000007,22.0,21.0,44.0,24.0,111.0
300398,53966554.939999998,27.0,74.0,7.0,2.0,110.0
002368,135552214.55000001,29.0,47.0,16.0,18.0,110.0
600429,41216306.88000001,32.0,10.0,44.0,24.0,110.0
300125,6734091.8800000008,26.0,6.0,54.0,24.0,110.0
600967,162572005.71000001,28.0,67.0,8.0,7.0,110.0
601226,196965188.49000004,37.0,37.0,18.0,18.0,110.0
300265,46263922.249999985,51.0,48.0,4.0,6.0,109.0
002277,77344376.879999995,4.0,23.0,49.0,33.0,109.0
300238,47123140.349999964,4.0,86.0,7.0,12.0,109.0
600299,52845819.07,81.0,5.0,11.0,12.0,109.0
000402,2240937804.8800001,63.0,35.0,10.0,1.0,109.0
601890,22605681.279999994,3.0,8.0,73.0,25.0,109.0
300014,48506503.0,10.0,47.0,28.0,23.0,108.0
600185,500488203.80999994,70.0,34.0,3.0,1.0,108.0
600684,168128936.04000002,54.0,24.0,16.0,13.0,107.0
000748,130755610.11000004,45.0,57.0,2.0,3.0,107.0
600736,209832481.68000001,65.0,15.0,15.0,12.0,107.0
603005,37612952.479999989,42.0,55.0,5.0,5.0,107.0
002395,11494922.869999997,42.0,20.0,24.0,20.0,106.0
300194,22777849.449999996,49.0,28.0,12.0,16.0,105.0
000815,13314384.749999996,30.0,27.0,27.0,21.0,105.0
000043,327878346.17000002,59.0,30.0,13.0,3.0,105.0
300391,16566715.340000004,37.0,54.0,6.0,8.0,105.0
002240,134474278.41000003,6.0,85.0,8.0,6.0,105.0
300228,67272898.080000013,10.0,37.0,36.0,22.0,105.0
600529,19281403.080000006,18.0,14.0,47.0,26.0,105.0
600153,1083111144.0,65.0,13.0,15.0,11.0,104.0
000718,388414126.84000003,65.0,23.0,11.0,5.0,104.0
600077,163666277.25,69.0,16.0,11.0,8.0,104.0
002680,5532758.0199999996,17.0,1.0,63.0,22.0,103.0
300079,121404349.93000004,15.0,50.0,19.0,19.0,103.0
002696,6204711.1500000022,4.0,7.0,67.0,25.0,103.0
300097,38240672.959999979,9.0,48.0,22.0,23.0,102.0
601991,351817519.46000004,1.0,24.0,52.0,25.0,102.0
300203,65519492.220000014,30.0,34.0,19.0,19.0,102.0
000055,67377406.950000003,55.0,23.0,12.0,12.0,102.0
300016,33111499.849999994,37.0,59.0,4.0,2.0,102.0
600791,88387921.75999999,51.0,26.0,14.0,11.0,102.0
002208,71853070.840000004,65.0,14.0,13.0,9.0,101.0
000415,466945635.95000005,68.0,18.0,7.0,8.0,101.0
300056,81920202.620000005,23.0,57.0,11.0,9.0,100.0
002060,70601465.819999993,49.0,13.0,19.0,19.0,100.0
600383,2207194329.75,62.0,26.0,9.0,2.0,99.0
600785,37732177.079999998,2.0,30.0,38.0,28.0,98.0
300290,24059484.199999996,3.0,42.0,30.0,23.0,98.0
002210,67640485.780000001,78.0,2.0,6.0,12.0,98.0
603328,29859046.36999999,20.0,6.0,41.0,31.0,98.0
002319,12854850.590000007,4.0,43.0,29.0,22.0,98.0
600150,525776101.40999985,20.0,20.0,32.0,25.0,97.0
000547,130326407.17999998,20.0,42.0,17.0,18.0,97.0
300179,20435845.560000002,26.0,48.0,9.0,14.0,97.0
002726,20813763.050000001,36.0,20.0,21.0,20.0,97.0
002074,43429762.929999992,28.0,11.0,35.0,23.0,97.0
600565,172979984.01000002,64.0,5.0,15.0,13.0,97.0
002665,87081788.479999959,32.0,43.0,5.0,16.0,96.0
002344,107710537.19999999,9.0,36.0,29.0,22.0,96.0
000782,26306321.550000001,38.0,31.0,12.0,15.0,96.0
000798,14716430.350000001,23.0,49.0,9.0,15.0,96.0
300037,96891244.079999954,10.0,67.0,12.0,7.0,96.0
300138,17461185.050000004,33.0,18.0,23.0,21.0,95.0
000681,30867744.809999995,28.0,38.0,13.0,16.0,95.0
600485,304373830.77000004,64.0,29.0,1.0,1.0,95.0
002350,24299767.169999998,17.0,26.0,29.0,23.0,95.0
002135,124736242.59,54.0,28.0,9.0,3.0,94.0
300006,32810906.960000008,39.0,41.0,3.0,11.0,94.0
000620,369295862.60000002,64.0,20.0,7.0,2.0,93.0
300116,16230166.02,36.0,27.0,13.0,17.0,93.0
300375,20287456.999999996,23.0,33.0,18.0,19.0,93.0
002046,41210186.939999983,3.0,54.0,18.0,18.0,93.0
600466,354332337.62,68.0,6.0,13.0,4.0,91.0
603998,51062809.00000003,8.0,67.0,6.0,10.0,91.0
300109,19667067.88000001,4.0,52.0,17.0,18.0,91.0
002013,302642398.78000003,50.0,30.0,7.0,3.0,90.0
603168,24043742.589999996,18.0,53.0,5.0,14.0,90.0
000517,75396684.0,62.0,12.0,5.0,11.0,90.0
600055,34797818.519999996,37.0,36.0,6.0,11.0,90.0
600048,4390026595.5,54.0,13.0,14.0,9.0,90.0
600990,79963908.920000002,36.0,48.0,4.0,2.0,90.0
000516,78478804.439999998,2.0,40.0,27.0,20.0,89.0
300003,91347678.850000009,39.0,39.0,3.0,8.0,89.0
000997,208407404.00999999,25.0,56.0,4.0,3.0,88.0
300023,18633105.300000004,45.0,18.0,11.0,14.0,88.0
000988,91068158.959999979,19.0,34.0,16.0,18.0,87.0
300048,89890772.560000002,23.0,52.0,6.0,6.0,87.0
002732,27518196.540000007,2.0,62.0,12.0,10.0,86.0
300384,21991198.399999999,14.0,47.0,10.0,15.0,86.0
002462,48704568.940000027,7.0,9.0,42.0,28.0,86.0
603456,18413833.199999992,28.0,16.0,22.0,20.0,86.0
300397,47053374.179999992,28.0,46.0,5.0,7.0,86.0
603006,7803397.8699999973,4.0,21.0,38.0,22.0,85.0
002713,16980487.230000004,40.0,17.0,12.0,16.0,85.0
600561,26758063.169999994,33.0,23.0,13.0,16.0,85.0
300118,38534933.180000007,7.0,5.0,42.0,29.0,83.0
000732,89850103.040000007,15.0,1.0,43.0,24.0,83.0
300255,44403876.089999989,39.0,38.0,1.0,5.0,83.0
603019,121325673.78999999,18.0,52.0,6.0,7.0,83.0
300280,16544717.73,29.0,48.0,3.0,2.0,82.0
600340,960410691.47000003,62.0,4.0,7.0,9.0,82.0
600657,464897883.81,62.0,11.0,8.0,1.0,82.0
601992,827039611.96000004,61.0,10.0,5.0,3.0,79.0
300029,20703804.219999988,2.0,57.0,10.0,10.0,79.0
300354,7609937.6099999994,13.0,38.0,11.0,17.0,79.0
300396,24505794.149999991,16.0,41.0,9.0,12.0,78.0
000523,85298335.820000023,17.0,41.0,11.0,9.0,78.0
600480,61458179.349999994,6.0,14.0,31.0,26.0,77.0
300352,47478601.780000001,8.0,63.0,3.0,3.0,77.0
002698,30094554.800000001,42.0,26.0,2.0,6.0,76.0
002096,12952646.550000001,6.0,7.0,41.0,22.0,76.0
000928,86195197.120000005,43.0,7.0,13.0,13.0,76.0
600177,279676351.0,1.0,13.0,35.0,26.0,75.0
300270,14941860.0,27.0,33.0,5.0,9.0,74.0
002581,35640299.719999999,36.0,33.0,2.0,3.0,74.0
002347,14460193.32,9.0,16.0,25.0,23.0,73.0
000597,48800854.710000001,38.0,14.0,10.0,11.0,73.0
002338,28078407.409999996,21.0,48.0,2.0,2.0,73.0
300223,37479406.100000001,14.0,50.0,5.0,3.0,72.0
000555,47985312.259999998,46.0,9.0,5.0,11.0,71.0
000671,370484467.45999998,61.0,4.0,3.0,2.0,70.0
603306,13298029.950000003,26.0,18.0,11.0,15.0,70.0
002418,19006323.599999998,54.0,11.0,1.0,4.0,70.0
000040,56255258.660000011,22.0,10.0,18.0,19.0,69.0
002691,15384036.239999998,11.0,32.0,10.0,15.0,68.0
601567,40452098.310000002,50.0,13.0,1.0,4.0,68.0
002678,39659198.699999988,21.0,33.0,4.0,10.0,68.0
000150,68649258.780000001,36.0,27.0,3.0,1.0,67.0
000981,80980239.120000005,59.0,3.0,1.0,4.0,67.0
002735,14159018.120000001,8.0,41.0,11.0,7.0,67.0
603368,61081900.0,40.0,14.0,8.0,4.0,66.0
300217,28390487.979999989,17.0,24.0,8.0,16.0,65.0
600173,58849045.20000001,30.0,21.0,7.0,7.0,65.0
300069,10531249.75,23.0,31.0,5.0,6.0,65.0
300256,20058579.66,29.0,6.0,12.0,17.0,64.0
600889,12427027.779999997,13.0,28.0,8.0,14.0,63.0
300142,54699472.799999997,31.0,26.0,1.0,5.0,63.0
002644,11859607.749999998,35.0,11.0,3.0,14.0,63.0
300167,11599841.860000003,19.0,24.0,5.0,13.0,61.0
601186,2258853509.0,15.0,3.0,22.0,21.0,61.0
300150,42730705.079999983,14.0,38.0,4.0,4.0,60.0
601588,434281535.65000004,19.0,13.0,16.0,12.0,60.0
603606,16108419.839999996,22.0,15.0,9.0,14.0,60.0
002062,21410205.439999998,2.0,1.0,35.0,22.0,60.0
000576,13412997.420000002,7.0,39.0,3.0,10.0,59.0
601800,1011456963.5999999,16.0,2.0,21.0,20.0,59.0
300206,10638958.549999997,16.0,16.0,9.0,18.0,59.0
600262,22478022.189999998,13.0,16.0,13.0,17.0,59.0
603009,7201639.1600000039,9.0,5.0,23.0,22.0,59.0
300296,80835847.920000017,20.0,35.0,2.0,1.0,58.0
300211,5505404.8200000003,13.0,22.0,6.0,17.0,58.0
002315,33832505.799999997,14.0,25.0,8.0,10.0,57.0
002730,13381869.220000006,7.0,25.0,10.0,14.0,56.0
300393,25956793.600000009,14.0,32.0,5.0,4.0,55.0
000560,12443765.390000001,36.0,2.0,3.0,10.0,51.0
000545,17339974.079999998,15.0,21.0,2.0,13.0,51.0
000048,13141105.550000001,9.0,15.0,9.0,17.0,50.0
600815,83757075.030000061,9.0,14.0,12.0,14.0,49.0
300141,7626418.0,1.0,15.0,15.0,18.0,49.0
600419,8543593.3699999973,11.0,28.0,4.0,6.0,49.0
600533,73684603.260000005,23.0,7.0,9.0,8.0,47.0
000006,174792822.0,11.0,23.0,8.0,5.0,47.0
300406,39708849.539999992,1.0,43.0,1.0,2.0,47.0
600973,40629718.289999992,30.0,4.0,4.0,7.0,45.0
300091,9034610.8800000045,24.0,6.0,2.0,13.0,45.0
002583,18377587.539999999,3.0,6.0,15.0,19.0,43.0
600239,73548062.620000005,5.0,1.0,18.0,19.0,43.0
600638,48966494.699999988,3.0,6.0,16.0,18.0,43.0
002539,20966037.359999999,29.0,6.0,2.0,4.0,41.0
002560,7893178.7399999984,11.0,4.0,8.0,18.0,41.0
002555,21207238.530000001,16.0,16.0,1.0,8.0,41.0
600178,8003206.4300000053,18.0,4.0,5.0,13.0,40.0
000157,658049525.0,8.0,10.0,11.0,11.0,40.0
603018,22096670.480000004,9.0,8.0,7.0,15.0,39.0
601668,3425391298.0,24.0,3.0,7.0,5.0,39.0
002639,8837383.9000000004,16.0,9.0,2.0,11.0,38.0
002445,34110414.539999992,12.0,19.0,2.0,5.0,38.0
002409,10051131.919999998,20.0,14.0,1.0,3.0,38.0
600303,52718973.149999976,3.0,12.0,11.0,10.0,36.0
000036,59965647.35999997,3.0,10.0,11.0,12.0,36.0
600184,17919085.119999997,10.0,5.0,4.0,15.0,34.0
300267,22355159.579999998,14.0,8.0,0.0,11.0,33.0
000980,12780465.880000003,8.0,3.0,7.0,15.0,33.0
000961,132594265.49999994,14.0,1.0,5.0,13.0,33.0
000693,50736695.060000017,2.0,13.0,7.0,10.0,32.0
600278,38122296.470000029,3.0,10.0,7.0,12.0,32.0
600665,102012337.52999997,2.0,4.0,14.0,12.0,32.0
600715,12320281.919999998,12.0,10.0,1.0,7.0,30.0
002446,14962557.450000003,7.0,12.0,3.0,8.0,30.0
000065,29791214.770000011,5.0,3.0,8.0,12.0,28.0
002503,20316712.020000003,9.0,7.0,1.0,9.0,26.0
002127,10019127.750000002,11.0,8.0,1.0,5.0,25.0
002547,11558094.609999999,6.0,4.0,2.0,12.0,24.0
600871,29248109.550000004,16.0,1.0,2.0,5.0,24.0
601231,25882642.079999998,4.0,2.0,1.0,15.0,22.0
002176,24224387.909999989,3.0,5.0,2.0,11.0,21.0
600208,274429723.80000001,14.0,2.0,2.0,2.0,20.0
601390,1313774850.9999995,5.0,2.0,5.0,7.0,19.0
300317,13924036.799999997,12.0,2.0,1.0,2.0,17.0
600823,144689962.66999999,1.0,2.0,3.0,6.0,12.0
