300326,271766137.09999996,98.0,95.0,92.0,99.0,384.0
600446,1550699589.0599999,96.0,97.0,86.0,98.0,377.0
300268,53982760.289999999,75.0,99.0,94.0,100.0,368.0
002699,273509780.60000002,97.0,93.0,84.0,92.0,366.0
300199,409593160.35000002,95.0,92.0,86.0,92.0,365.0
000017,87483993.039999992,82.0,100.0,84.0,96.0,362.0
300017,3376510245.3499999,99.0,96.0,63.0,100.0,358.0
000922,827286042.5,100.0,92.0,66.0,100.0,358.0
300107,86292950.670000002,98.0,82.0,86.0,91.0,357.0
600317,1698830414.48,97.0,97.0,69.0,94.0,357.0
300113,649932512.36000001,98.0,95.0,66.0,97.0,356.0
300329,211924323.07999998,98.0,91.0,70.0,95.0,354.0
600588,3034245638.8999996,90.0,96.0,68.0,99.0,353.0
603169,1460156365.4400001,99.0,92.0,60.0,100.0,351.0
002408,378854613.35000002,96.0,78.0,91.0,82.0,347.0
002280,436248799.03000003,96.0,62.0,94.0,94.0,346.0
600455,119690708.34999999,92.0,98.0,57.0,99.0,346.0
300147,993560023.34000003,94.0,96.0,60.0,96.0,346.0
002020,240669329.04000002,98.0,77.0,80.0,91.0,346.0
000802,441933487.32999998,98.0,83.0,65.0,99.0,345.0
600271,2200834481.1599998,92.0,81.0,78.0,93.0,344.0
002438,791879780.86999989,100.0,97.0,46.0,100.0,343.0
601700,273429152.45999998,95.0,62.0,93.0,93.0,343.0
600836,2386291091.1399999,100.0,98.0,46.0,99.0,343.0
600438,465373881.06999993,94.0,75.0,82.0,92.0,343.0
300378,338880040.86000001,98.0,92.0,60.0,92.0,342.0
002707,199207415.44,89.0,63.0,99.0,91.0,342.0
300222,183982231.61000001,95.0,73.0,86.0,87.0,341.0
600661,104717026.40000001,78.0,72.0,93.0,98.0,341.0
300178,854668910.76999998,94.0,91.0,63.0,93.0,341.0
002684,177481713.31999999,96.0,76.0,79.0,88.0,339.0
600774,20827207.800000001,85.0,78.0,96.0,79.0,338.0
002690,208286568.28,98.0,68.0,88.0,84.0,338.0
601016,475604465.26999998,87.0,78.0,76.0,97.0,338.0
002681,213250323.41999999,81.0,78.0,93.0,86.0,338.0
000526,55959658.800000012,78.0,93.0,77.0,88.0,336.0
600458,376178878.87999994,100.0,39.0,96.0,100.0,335.0
000581,1456065829.6399999,80.0,79.0,77.0,99.0,335.0
000585,706397536.34000003,100.0,100.0,37.0,98.0,335.0
002101,297967759.84000003,97.0,86.0,58.0,93.0,334.0
002382,122141073.08,90.0,77.0,89.0,78.0,334.0
600626,922328854.0,99.0,91.0,47.0,97.0,334.0
600309,3822557374.5500002,89.0,90.0,60.0,95.0,334.0
000738,1818355675.8500001,99.0,95.0,49.0,91.0,334.0
300075,199683380.49000001,72.0,84.0,85.0,93.0,334.0
600620,192341703.91,73.0,95.0,78.0,88.0,334.0
601880,881750211.85000002,83.0,62.0,92.0,96.0,333.0
300295,407163408.39999992,53.0,94.0,89.0,97.0,333.0
600885,379422478.12,89.0,67.0,82.0,95.0,333.0
601000,1156760429.3099999,78.0,89.0,76.0,88.0,331.0
002273,376701948.28000009,79.0,87.0,75.0,90.0,331.0
000695,65950316.959999993,58.0,87.0,92.0,94.0,331.0
600598,628822856.96000004,90.0,75.0,75.0,90.0,330.0
600107,1058862865.4799999,99.0,99.0,34.0,98.0,330.0
002299,471163001.14999998,94.0,81.0,67.0,87.0,329.0
300287,238594190.20999998,78.0,62.0,96.0,93.0,329.0
300114,110760246.90000001,78.0,65.0,96.0,90.0,329.0
300067,138980984.86000001,81.0,76.0,77.0,94.0,328.0
300291,242064222.13,74.0,62.0,96.0,95.0,327.0
002635,253790441.75,98.0,74.0,67.0,88.0,327.0
600146,174814482.52000001,92.0,99.0,54.0,81.0,326.0
000777,4326585957.8700008,99.0,100.0,32.0,95.0,326.0
600420,206088461.48000002,84.0,65.0,83.0,94.0,326.0
600599,415362888.05999994,78.0,99.0,51.0,98.0,326.0
600355,104007168.52,92.0,87.0,67.0,78.0,324.0
002222,108725124.92,76.0,93.0,75.0,80.0,324.0
002514,110771389.78,92.0,80.0,72.0,79.0,323.0
000965,434244888.30999994,86.0,59.0,81.0,97.0,323.0
600099,83007694.049999997,95.0,83.0,60.0,84.0,322.0
600219,2335711004.75,74.0,86.0,64.0,98.0,322.0
002516,192660597.32999998,98.0,56.0,86.0,82.0,322.0
600422,597649590.56999993,88.0,83.0,68.0,83.0,322.0
300104,1602561800.9699998,58.0,80.0,87.0,97.0,322.0
000592,1133036391.78,93.0,92.0,59.0,77.0,321.0
002191,555595431.75,73.0,86.0,75.0,86.0,320.0
600503,882259652.27999997,93.0,86.0,49.0,92.0,320.0
000060,2007482386.9199998,75.0,94.0,56.0,95.0,320.0
300096,640647335.83999991,96.0,98.0,36.0,89.0,319.0
002477,515676943.46000004,95.0,55.0,79.0,90.0,319.0
600070,105297225.68999998,77.0,74.0,76.0,92.0,319.0
300285,105944011.72,79.0,59.0,91.0,89.0,318.0
002129,559032301.63,77.0,57.0,95.0,88.0,317.0
000662,8414041.0399999991,99.0,18.0,100.0,100.0,317.0
002337,719475023.87000012,64.0,97.0,66.0,90.0,317.0
300356,218855967.49000001,97.0,82.0,49.0,88.0,316.0
300049,158264614.61000001,77.0,69.0,85.0,85.0,316.0
600547,2408625120.0500002,50.0,98.0,69.0,99.0,316.0
002440,1588251950.9000001,79.0,94.0,47.0,96.0,316.0
300102,212008652.80000001,85.0,70.0,71.0,90.0,316.0
600136,94594480.669999987,94.0,41.0,88.0,93.0,316.0
000812,475301531.79999995,98.0,93.0,36.0,88.0,315.0
600313,345503037.17000002,91.0,75.0,68.0,81.0,315.0
600963,1061784938.6199999,99.0,75.0,43.0,97.0,314.0
300031,299194400.27999997,97.0,91.0,36.0,90.0,314.0
600289,679520101.6099999,96.0,90.0,40.0,87.0,313.0
002413,117255661.72999999,94.0,58.0,92.0,69.0,313.0
300254,204435045.88,79.0,94.0,55.0,85.0,313.0
300076,93608970.88000001,69.0,72.0,87.0,85.0,313.0
002446,148139775.13,82.0,65.0,78.0,88.0,313.0
002107,190622107.24000001,47.0,96.0,85.0,85.0,313.0
300277,44529565.920000002,96.0,65.0,89.0,62.0,312.0
002303,339291122.06999999,89.0,84.0,60.0,79.0,312.0
600707,204349071.83999997,69.0,92.0,69.0,82.0,312.0
000650,544279443.74000001,73.0,90.0,60.0,89.0,312.0
002204,1360983997.6099999,97.0,66.0,59.0,89.0,311.0
601015,557730774.49000013,75.0,76.0,63.0,97.0,311.0
300259,94926973.310000002,96.0,76.0,66.0,73.0,311.0
002279,253241125.95999998,92.0,86.0,54.0,79.0,311.0
002219,200889077.11999995,70.0,61.0,97.0,82.0,310.0
000800,1271400137.1099999,65.0,77.0,72.0,96.0,310.0
603636,12991036.0,100.0,10.0,100.0,100.0,310.0
600496,506870224.59999996,83.0,51.0,82.0,94.0,310.0
002134,45512722.319999993,92.0,75.0,72.0,71.0,310.0
002215,183852270.16,90.0,69.0,70.0,80.0,309.0
601727,9486589964.5,94.0,55.0,61.0,99.0,309.0
600573,229383584.55000001,97.0,93.0,39.0,80.0,309.0
300109,146617011.88,75.0,91.0,53.0,90.0,309.0
000929,400820908.30999994,99.0,91.0,32.0,86.0,308.0
300033,946060657.34999979,49.0,91.0,70.0,98.0,308.0
600678,144333881.38999999,36.0,100.0,78.0,94.0,308.0
603128,216183880.0,70.0,62.0,89.0,87.0,308.0
300218,59855263.000000007,96.0,62.0,66.0,84.0,308.0
000021,909882675.82999992,97.0,68.0,52.0,91.0,308.0
300338,86237751.650000006,94.0,78.0,62.0,73.0,307.0
000895,1741246907.2399998,68.0,82.0,73.0,84.0,307.0
300030,266219166.45999998,79.0,96.0,45.0,87.0,307.0
603993,739376783.42999995,75.0,35.0,100.0,97.0,307.0
600893,2628296839.25,97.0,65.0,56.0,89.0,307.0
000510,403373895.70000005,90.0,99.0,36.0,81.0,306.0
000989,415822072.26000005,95.0,81.0,44.0,86.0,306.0
300148,202627478.94999999,72.0,92.0,69.0,73.0,306.0
300157,505852376.02999997,76.0,89.0,50.0,91.0,306.0
603588,526337868.32000005,47.0,89.0,73.0,96.0,305.0
300034,267152691.0,59.0,88.0,74.0,84.0,305.0
300332,262851027.96000001,51.0,92.0,75.0,87.0,305.0
000004,82584191.890000001,68.0,87.0,58.0,91.0,304.0
002004,554773269.96000004,91.0,46.0,82.0,85.0,304.0
300253,1721528679.4000001,92.0,99.0,50.0,63.0,304.0
600419,127617167.23,85.0,90.0,46.0,83.0,304.0
000999,787111803.13,76.0,74.0,69.0,85.0,304.0
002738,3332707.0,100.0,4.0,100.0,100.0,304.0
000799,697265181.73000002,67.0,95.0,44.0,98.0,304.0
600550,110869658.34000002,90.0,15.0,99.0,99.0,303.0
603017,252815628.51999995,58.0,89.0,67.0,89.0,303.0
600476,60279585.25,70.0,84.0,77.0,72.0,303.0
300411,2892186.0,100.0,2.0,100.0,100.0,302.0
601111,2553375039.96,59.0,70.0,80.0,93.0,302.0
600312,1841520214.9599998,79.0,84.0,44.0,95.0,302.0
300281,72284356.829999998,66.0,72.0,77.0,87.0,302.0
300353,174305121.31999999,56.0,77.0,73.0,95.0,301.0
000037,211101110.56999999,72.0,53.0,77.0,99.0,301.0
300410,1352657.0,100.0,1.0,100.0,100.0,301.0
600083,39932132.240000002,44.0,94.0,86.0,77.0,301.0
600037,880642175.31000006,80.0,66.0,65.0,90.0,301.0
600421,102285111.97,93.0,100.0,40.0,68.0,301.0
600506,68422798.650000006,78.0,97.0,55.0,71.0,301.0
600188,1737649937.1199999,73.0,41.0,87.0,99.0,300.0
300221,90173045.379999995,55.0,67.0,91.0,87.0,300.0
000008,173220356.46999997,93.0,45.0,97.0,65.0,300.0
002719,119844677.54999998,96.0,73.0,42.0,89.0,300.0
300412,913787.0,99.0,1.0,100.0,100.0,300.0
000711,41115868.480000004,46.0,75.0,90.0,89.0,300.0
600822,335456157.83999991,87.0,60.0,56.0,96.0,299.0
002346,347982915.15999997,76.0,92.0,33.0,98.0,299.0
000720,411962544.3299998,51.0,94.0,56.0,97.0,298.0
000912,95464122.320000008,68.0,51.0,87.0,92.0,298.0
002227,163816113.52000001,93.0,86.0,53.0,66.0,298.0
300205,208312229.89000002,58.0,77.0,74.0,89.0,298.0
600352,2353133149.2399998,47.0,66.0,87.0,97.0,297.0
600610,49777005.510000005,91.0,39.0,83.0,84.0,297.0
600679,76258513.730000004,95.0,78.0,57.0,67.0,297.0
600206,273011937.48000002,93.0,66.0,63.0,75.0,297.0
002086,173759086.07999998,96.0,64.0,62.0,75.0,297.0
000023,228995856.28,91.0,80.0,41.0,85.0,297.0
600275,204666910.25,92.0,100.0,39.0,65.0,296.0
600993,282545191.07999998,73.0,77.0,67.0,79.0,296.0
002436,155086971.49000001,86.0,67.0,78.0,65.0,296.0
000030,296431057.24000001,66.0,56.0,83.0,91.0,296.0
300039,299184369.55000001,71.0,76.0,65.0,84.0,296.0
002099,121620527.72,77.0,39.0,91.0,89.0,296.0
300308,123927228.79000001,94.0,95.0,42.0,64.0,295.0
603609,241996251.28000003,86.0,66.0,62.0,81.0,295.0
002700,146291385.90000001,65.0,89.0,72.0,69.0,295.0
600186,223658040.42000002,47.0,89.0,67.0,91.0,294.0
300349,62235586.459999993,55.0,64.0,89.0,86.0,294.0
300271,163734917.00999999,70.0,66.0,91.0,66.0,293.0
002124,107934022.12,61.0,70.0,73.0,89.0,293.0
601216,291395823.60000002,56.0,40.0,100.0,97.0,293.0
002261,199486884.76999998,63.0,78.0,80.0,72.0,293.0
600163,241257194.31999999,94.0,93.0,42.0,64.0,293.0
300065,243590735.22000003,76.0,86.0,46.0,84.0,292.0
300377,446908740.85000002,63.0,83.0,55.0,91.0,292.0
600101,299940600.44999999,76.0,98.0,39.0,79.0,292.0
000822,312963761.40999997,89.0,85.0,44.0,74.0,292.0
000950,68270030.560000002,76.0,52.0,82.0,81.0,291.0
000881,213248494.72999996,82.0,52.0,61.0,96.0,291.0
300139,895783747.03999996,91.0,100.0,35.0,65.0,291.0
300150,299012589.32999998,79.0,84.0,52.0,76.0,291.0
300235,103969560.59999999,69.0,95.0,45.0,81.0,290.0
300002,638235350.15999997,20.0,88.0,87.0,95.0,290.0
000760,118649135.69999999,91.0,85.0,55.0,59.0,290.0
000712,3471637870.2400002,95.0,84.0,33.0,77.0,289.0
002126,152007962.97999999,56.0,52.0,90.0,91.0,289.0
601899,4491666170.0,56.0,76.0,61.0,96.0,289.0
002143,104513982.53999999,99.0,38.0,65.0,87.0,289.0
600149,489338607.71000004,59.0,100.0,45.0,85.0,289.0
002007,763899532.60000014,73.0,88.0,62.0,66.0,289.0
600094,205963780.88,93.0,3.0,97.0,96.0,289.0
002447,82297484.100000024,74.0,67.0,88.0,59.0,288.0
000045,170699586.89000002,92.0,63.0,58.0,75.0,288.0
600741,1433802754.9700003,81.0,19.0,90.0,98.0,288.0
601222,238928286.75,97.0,48.0,70.0,73.0,288.0
600717,2936863126.29,96.0,90.0,35.0,67.0,288.0
600232,133096546.39999999,93.0,68.0,49.0,78.0,288.0
600297,483048668.22999996,93.0,7.0,92.0,96.0,288.0
600276,753453984.29000008,64.0,55.0,94.0,75.0,288.0
600727,85386414.159999996,95.0,77.0,51.0,64.0,287.0
300243,72277179.420000002,79.0,64.0,54.0,90.0,287.0
300164,151986204.39999998,69.0,75.0,57.0,86.0,287.0
000803,45279558.609999999,77.0,66.0,61.0,82.0,286.0
600856,123398840.50999999,89.0,49.0,68.0,80.0,286.0
002472,132224281.60999998,94.0,51.0,56.0,85.0,286.0
002363,311814945.81,76.0,85.0,49.0,76.0,286.0
600535,1129811243.4399998,65.0,68.0,73.0,79.0,285.0
300245,181733610.95000002,64.0,90.0,53.0,78.0,285.0
000910,119084179.13,97.0,29.0,74.0,85.0,285.0
603889,658220350.44000006,100.0,98.0,30.0,57.0,285.0
600486,372831251.84000003,45.0,65.0,81.0,94.0,285.0
300083,144355152.77000001,71.0,28.0,98.0,88.0,285.0
000554,378515026.69,74.0,100.0,35.0,75.0,284.0
002400,486283374.78000009,72.0,63.0,76.0,73.0,284.0
600337,105166501.91,66.0,33.0,93.0,92.0,284.0
300225,86355130.590000004,76.0,69.0,68.0,71.0,284.0
600719,134235778.35000002,91.0,88.0,48.0,57.0,284.0
000408,504116910.31000006,89.0,100.0,30.0,64.0,283.0
600062,497797459.44,63.0,71.0,64.0,85.0,283.0
600593,89695056.199999988,70.0,98.0,46.0,69.0,283.0
600196,1709105453.4000001,56.0,83.0,62.0,82.0,283.0
002262,118304048.54000002,76.0,49.0,92.0,66.0,283.0
002113,227838926.70999998,92.0,98.0,31.0,62.0,283.0
300234,127495485.06999999,95.0,77.0,43.0,68.0,283.0
300108,64797341.300000004,78.0,50.0,85.0,69.0,282.0
600666,148176527.38,62.0,58.0,78.0,83.0,281.0
300134,229599812.89999995,46.0,78.0,90.0,67.0,281.0
601699,2697335904.6299996,87.0,81.0,41.0,72.0,281.0
002317,160146518.04999998,88.0,73.0,67.0,53.0,281.0
002058,27004950.839999996,33.0,79.0,88.0,81.0,281.0
601872,1642253136.6999998,66.0,90.0,50.0,75.0,281.0
000888,164233608.59000003,84.0,83.0,64.0,49.0,280.0
002486,104315967.25,66.0,86.0,61.0,67.0,280.0
000530,228369273.17999998,74.0,77.0,51.0,78.0,280.0
601001,1760025644.8800001,89.0,76.0,36.0,78.0,279.0
600572,309483061.36000001,72.0,48.0,91.0,68.0,279.0
002089,151295167.87,73.0,52.0,76.0,78.0,279.0
300380,203026253.69000006,65.0,95.0,44.0,74.0,278.0
601126,216328463.40999997,75.0,45.0,85.0,73.0,278.0
002570,987037540.42999995,91.0,90.0,39.0,58.0,278.0
300236,39164292.949999996,47.0,41.0,98.0,92.0,278.0
600557,342589982.93000001,61.0,77.0,64.0,76.0,278.0
000731,407814317.94000006,71.0,85.0,44.0,78.0,278.0
600652,210009821.66000003,58.0,92.0,52.0,76.0,278.0
000639,103380293.38,74.0,56.0,79.0,68.0,277.0
600917,282687844.02000004,82.0,63.0,38.0,94.0,277.0
600699,330191071.10000002,67.0,35.0,85.0,90.0,277.0
601225,1014438786.6400002,64.0,46.0,72.0,95.0,277.0
002218,287762684.69999999,88.0,81.0,45.0,63.0,277.0
300129,143887699.05000001,69.0,55.0,69.0,83.0,276.0
002318,250791289.25000003,9.0,75.0,98.0,94.0,276.0
600256,4570962045.4799995,83.0,98.0,33.0,62.0,276.0
002063,179345922.81,31.0,71.0,89.0,84.0,275.0
600590,168858640.03999996,75.0,29.0,78.0,93.0,275.0
000836,142186414.31,97.0,54.0,71.0,53.0,275.0
002234,88715418.150000006,90.0,71.0,48.0,66.0,275.0
000567,24255622.530000001,41.0,67.0,89.0,78.0,275.0
002189,199776203.14000002,65.0,93.0,48.0,69.0,275.0
300273,316994750.72000003,56.0,76.0,71.0,72.0,275.0
603167,199860625.69,71.0,95.0,50.0,58.0,274.0
600604,123406611.02000001,98.0,17.0,73.0,86.0,274.0
600753,67529703.430000007,58.0,90.0,55.0,71.0,274.0
002320,151783124.5,62.0,83.0,60.0,69.0,274.0
002606,149567096.02999997,71.0,83.0,45.0,75.0,274.0
600395,1081288211.1799998,57.0,90.0,51.0,76.0,274.0
300044,130456326.2,51.0,78.0,60.0,84.0,273.0
000511,981906919.9000001,66.0,93.0,37.0,77.0,273.0
600398,305501868.62,91.0,12.0,86.0,84.0,273.0
600734,58517080.920000002,79.0,82.0,53.0,58.0,272.0
600576,50723199.329999991,28.0,50.0,99.0,95.0,272.0
601007,79112288.680000007,37.0,56.0,87.0,92.0,272.0
002508,260604530.9799999,33.0,45.0,98.0,96.0,272.0
300302,42499693.860000007,55.0,49.0,94.0,74.0,272.0
002490,218487374.51000002,93.0,57.0,43.0,79.0,272.0
002412,69419702.5,56.0,69.0,80.0,67.0,272.0
000333,3302304823.5900002,58.0,26.0,90.0,98.0,272.0
000622,46445025.130000003,30.0,89.0,79.0,74.0,272.0
002023,286011496.91999996,60.0,72.0,72.0,68.0,272.0
002471,266423715.39999998,89.0,34.0,77.0,71.0,271.0
300311,81215190.790000021,38.0,74.0,82.0,77.0,271.0
000550,257552841.23000002,56.0,16.0,99.0,99.0,270.0
002579,225823637.90999997,60.0,94.0,48.0,68.0,270.0
300110,86228459.839999989,68.0,54.0,78.0,70.0,270.0
000826,968645366.01999998,61.0,74.0,57.0,77.0,269.0
300318,61853985.550000012,57.0,72.0,88.0,52.0,269.0
000713,247525989.53999999,72.0,87.0,39.0,71.0,269.0
000661,259433916.10000002,70.0,50.0,79.0,70.0,269.0
600518,1790558981.7000003,54.0,47.0,80.0,86.0,267.0
000998,1334711686.1400003,70.0,89.0,38.0,70.0,267.0
002609,91919140.929999992,62.0,70.0,73.0,62.0,267.0
600775,169721299.04999995,57.0,41.0,82.0,87.0,267.0
601012,911674896.03000021,47.0,70.0,73.0,76.0,266.0
300198,67886060.560000002,74.0,44.0,70.0,77.0,265.0
600650,271406333.79000008,50.0,88.0,54.0,73.0,265.0
000876,901225518.8900001,59.0,60.0,77.0,69.0,265.0
600536,666578302.00000012,27.0,80.0,69.0,88.0,264.0
002391,202707739.50000003,68.0,73.0,47.0,76.0,264.0
300337,84620865.090000004,50.0,60.0,90.0,64.0,264.0
002648,293639620.50999999,82.0,70.0,54.0,58.0,264.0
000565,59520495.82,86.0,60.0,73.0,44.0,263.0
002212,168531184.90000001,95.0,54.0,39.0,75.0,263.0
000792,691361844.62,42.0,38.0,91.0,92.0,263.0
600809,349717843.32000005,27.0,54.0,92.0,90.0,263.0
002574,292938210.78000003,67.0,57.0,55.0,83.0,262.0
600674,1000653805.6999999,42.0,99.0,74.0,47.0,262.0
600712,116350825.95999999,62.0,87.0,51.0,62.0,262.0
000552,368661866.96000004,41.0,58.0,80.0,83.0,262.0
600370,71753444.859999999,93.0,47.0,71.0,50.0,261.0
600498,550884765.48000002,77.0,26.0,71.0,87.0,261.0
600800,144792662.5,61.0,96.0,48.0,56.0,261.0
002084,289745042.66000009,58.0,87.0,42.0,74.0,261.0
000788,560775013.41000009,72.0,84.0,39.0,66.0,261.0
600273,188616493.93999994,64.0,61.0,61.0,75.0,261.0
002610,311406194.24000001,90.0,40.0,65.0,65.0,260.0
600776,130028598.42,53.0,38.0,88.0,81.0,260.0
002061,100612693.92000002,64.0,75.0,53.0,68.0,260.0
601011,81476656.409999982,26.0,51.0,98.0,85.0,260.0
600112,512189607.08000004,52.0,97.0,38.0,72.0,259.0
300093,116006081.09999999,79.0,80.0,42.0,58.0,259.0
000856,79083001.019999996,93.0,41.0,53.0,72.0,259.0
600676,314197835.04000002,72.0,60.0,54.0,73.0,259.0
002109,64067500.049999997,63.0,80.0,56.0,60.0,259.0
002120,81391820.260000005,63.0,80.0,43.0,73.0,259.0
600857,87695895.099999994,71.0,85.0,52.0,51.0,259.0
600612,309627223.44999999,94.0,24.0,66.0,75.0,259.0
000651,3872907520.48,45.0,26.0,94.0,93.0,258.0
002306,1173972757.72,80.0,100.0,28.0,50.0,258.0
000923,98985332.299999982,41.0,68.0,61.0,88.0,258.0
002254,329757048.69999999,72.0,87.0,43.0,56.0,258.0
600018,1447957554.74,56.0,57.0,87.0,58.0,258.0
600662,205830271.42000008,37.0,54.0,82.0,85.0,258.0
000887,261248178.97999999,26.0,46.0,93.0,93.0,258.0
002672,109894850.95,38.0,40.0,97.0,82.0,257.0
600765,626250717.60000014,59.0,56.0,61.0,81.0,257.0
002473,22062143.619999997,80.0,58.0,81.0,38.0,257.0
600397,449740731.91999996,86.0,56.0,40.0,74.0,256.0
300339,186488973.59999999,46.0,73.0,57.0,80.0,256.0
002138,88784701.979999989,25.0,55.0,96.0,80.0,256.0
000820,96170306.599999994,55.0,95.0,42.0,64.0,256.0
300323,89315786.909999996,55.0,27.0,91.0,82.0,255.0
600834,79596622.469999999,40.0,99.0,65.0,51.0,255.0
000953,48721893.060000002,78.0,51.0,65.0,61.0,255.0
002572,96352745.469999969,8.0,51.0,98.0,98.0,255.0
000525,290264588.73000002,71.0,48.0,61.0,75.0,255.0
002697,322688274.05000001,79.0,78.0,41.0,57.0,255.0
600653,574283856.4000001,74.0,70.0,38.0,72.0,254.0
002255,552159677.47000003,90.0,88.0,30.0,46.0,254.0
002278,81000375.0,52.0,52.0,70.0,80.0,254.0
002543,115914200.52000001,77.0,33.0,65.0,79.0,254.0
600081,69074525.359999985,57.0,25.0,89.0,83.0,254.0
600689,27993456.75999999,35.0,55.0,81.0,83.0,254.0
002618,92447662.890000001,41.0,71.0,86.0,56.0,254.0
300357,58676588.210000001,45.0,69.0,70.0,70.0,254.0
000670,250425626.70999998,38.0,97.0,52.0,67.0,254.0
002535,183992560.59999999,92.0,43.0,52.0,67.0,254.0
002662,52006512.839999996,67.0,16.0,96.0,74.0,253.0
002417,90553431.62999998,30.0,64.0,66.0,93.0,253.0
600029,1878642458.9899998,47.0,75.0,53.0,78.0,253.0
002201,32961379.930000003,51.0,42.0,84.0,76.0,253.0
002241,646882591.96000004,33.0,53.0,84.0,83.0,253.0
601633,1174202335.4699998,87.0,27.0,92.0,46.0,252.0
002584,63468269.310000002,43.0,34.0,91.0,84.0,252.0
300149,38408869.969999999,54.0,57.0,81.0,60.0,252.0
002492,67767231.629999995,21.0,82.0,69.0,79.0,251.0
600285,264072898.93000001,67.0,83.0,41.0,60.0,251.0
300054,101699708.77999999,49.0,65.0,68.0,69.0,251.0
600389,90876676.859999999,59.0,38.0,88.0,66.0,251.0
600160,289686876.80000001,26.0,63.0,78.0,83.0,250.0
600756,326819050.54000008,46.0,82.0,48.0,74.0,250.0
002028,419850629.73999995,69.0,60.0,47.0,74.0,250.0
002105,93061079.24000001,50.0,73.0,58.0,69.0,250.0
000547,658535833.43000007,73.0,80.0,40.0,56.0,249.0
300162,633969635.74000001,96.0,99.0,27.0,27.0,249.0
002294,248269678.64999998,49.0,56.0,80.0,64.0,249.0
000963,450848250.35000002,65.0,35.0,77.0,72.0,249.0
000858,2980294739.7200003,28.0,45.0,82.0,94.0,249.0
000048,104649127.42999999,79.0,63.0,54.0,53.0,249.0
300241,109382918.41,65.0,70.0,44.0,70.0,249.0
600130,113288576.39000002,66.0,61.0,59.0,63.0,249.0
600493,38738003.570000008,40.0,63.0,76.0,70.0,249.0
002571,75396195.319999993,36.0,58.0,72.0,82.0,248.0
600408,430800099.63999999,68.0,78.0,34.0,68.0,248.0
002333,25340489.550000001,43.0,29.0,99.0,77.0,248.0
600525,722844606.62,88.0,75.0,36.0,49.0,248.0
300155,378560264.05999994,72.0,94.0,32.0,50.0,248.0
002367,295839445.08000004,64.0,70.0,46.0,68.0,248.0
002271,170389027.05000001,36.0,37.0,95.0,80.0,248.0
002265,25571298.779999997,43.0,42.0,93.0,70.0,248.0
300151,154950574.43000001,99.0,89.0,29.0,31.0,248.0
600075,49032083.980000004,63.0,16.0,87.0,81.0,247.0
002153,581367116.48000002,73.0,80.0,52.0,42.0,247.0
601369,402672577.37,49.0,30.0,80.0,88.0,247.0
600511,225472273.52000004,52.0,37.0,76.0,82.0,247.0
300100,81103192.180000007,91.0,36.0,58.0,61.0,246.0
000809,911214332.02999997,93.0,74.0,30.0,49.0,246.0
601928,751328286.46000004,70.0,56.0,59.0,61.0,246.0
000519,114107993.96000001,52.0,37.0,83.0,74.0,246.0
002195,84182742.289999992,54.0,19.0,99.0,74.0,246.0
002052,370185738.5,80.0,84.0,33.0,48.0,245.0
600123,2371670223.3099999,81.0,93.0,28.0,43.0,245.0
600158,2370818311.0299997,92.0,97.0,27.0,29.0,245.0
002737,1091399405.2599998,64.0,96.0,30.0,55.0,245.0
601933,1047860374.0599999,84.0,59.0,56.0,46.0,245.0
002091,142360432.55000001,60.0,39.0,77.0,69.0,245.0
601857,5668867242.25,38.0,12.0,100.0,95.0,245.0
002266,1745091645.8399999,29.0,98.0,35.0,82.0,244.0
000158,199473614.02000001,66.0,28.0,72.0,78.0,244.0
600691,683677262.50000012,31.0,44.0,71.0,98.0,244.0
300383,93965955.290000021,53.0,31.0,96.0,64.0,244.0
600120,608330633.33999991,77.0,69.0,38.0,60.0,244.0
300092,117545087.53999996,69.0,93.0,37.0,45.0,244.0
601999,176615150.71000001,71.0,55.0,57.0,61.0,244.0
002569,25233303.219999999,68.0,42.0,79.0,54.0,243.0
002554,123375488.06,62.0,50.0,70.0,61.0,243.0
002538,207871503.09999999,48.0,59.0,69.0,67.0,243.0
600108,1608577275.99,36.0,96.0,38.0,73.0,243.0
600869,108178482.21000001,60.0,10.0,97.0,76.0,243.0
600995,132553554.38999999,7.0,91.0,65.0,80.0,243.0
002715,32405348.280000001,63.0,62.0,59.0,58.0,242.0
002292,235911862.44999996,31.0,52.0,89.0,70.0,242.0
000571,384496560.48000002,77.0,91.0,30.0,44.0,242.0
000156,214431397.29000002,61.0,24.0,92.0,65.0,242.0
600354,280560406.44000006,44.0,74.0,45.0,79.0,242.0
000949,137214913.43000001,25.0,55.0,75.0,86.0,241.0
601566,118839231.11,52.0,33.0,84.0,72.0,241.0
002669,55023809.590000004,73.0,62.0,53.0,53.0,241.0
601898,1795517258.0,51.0,27.0,77.0,86.0,241.0
002095,265443424.12,57.0,97.0,42.0,45.0,241.0
002322,249184045.31999999,88.0,79.0,29.0,45.0,241.0
300402,165260150.47000003,71.0,82.0,30.0,57.0,240.0
600660,806005516.67000008,47.0,47.0,67.0,79.0,240.0
002117,175527562.73999998,61.0,79.0,52.0,48.0,240.0
601101,734079100.75000012,68.0,81.0,35.0,55.0,239.0
600566,148152105.96999997,77.0,50.0,49.0,63.0,239.0
600469,141405903.00999999,30.0,37.0,86.0,86.0,239.0
300367,132700835.64000002,52.0,55.0,90.0,42.0,239.0
600802,373842836.20000005,75.0,98.0,29.0,37.0,239.0
002165,103725391.98000002,61.0,59.0,57.0,62.0,239.0
600079,733483191.38999999,68.0,54.0,58.0,59.0,239.0
603166,216173983.10000002,44.0,70.0,36.0,89.0,239.0
300099,37538868.93,51.0,51.0,84.0,52.0,238.0
002498,51717278.859999992,61.0,7.0,100.0,70.0,238.0
300325,67299497.780000001,74.0,26.0,68.0,70.0,238.0
300381,152798083.03999996,69.0,79.0,30.0,60.0,238.0
002630,279732284.23000002,85.0,33.0,59.0,60.0,237.0
600401,230742254.74000001,48.0,30.0,94.0,65.0,237.0
002311,318102370.38000005,89.0,53.0,53.0,42.0,237.0
002162,51911093.849999987,16.0,53.0,94.0,73.0,236.0
603010,45928026.380000003,55.0,59.0,67.0,55.0,236.0
000691,45330145.75,38.0,81.0,58.0,59.0,236.0
600282,131298194.37,36.0,12.0,97.0,91.0,236.0
600372,948553448.18000007,68.0,59.0,59.0,50.0,236.0
600251,134129702.5,39.0,64.0,82.0,51.0,236.0
600671,32444946.189999998,60.0,88.0,48.0,39.0,235.0
300035,62086505.409999996,63.0,59.0,51.0,62.0,235.0
600838,73927204.300000012,43.0,96.0,52.0,44.0,235.0
600532,100515231.31,41.0,77.0,58.0,59.0,235.0
601088,3209325817.4400001,21.0,22.0,98.0,93.0,234.0
002150,32946072.710000001,67.0,46.0,68.0,53.0,234.0
600335,201923665.56,27.0,9.0,99.0,99.0,234.0
002689,87523311.50999999,66.0,47.0,75.0,46.0,234.0
600135,97998781.810000002,50.0,53.0,66.0,64.0,233.0
300204,55372414.359999999,67.0,27.0,92.0,47.0,233.0
600488,194313086.13999999,69.0,72.0,44.0,48.0,233.0
000899,169963955.95999998,16.0,53.0,71.0,92.0,232.0
002149,88323118.159999996,73.0,58.0,48.0,53.0,232.0
000418,335966426.80000001,81.0,20.0,51.0,80.0,232.0
002031,158465843.06999999,32.0,40.0,95.0,65.0,232.0
002164,36675243.299999997,36.0,44.0,81.0,71.0,232.0
300346,33385273.199999999,34.0,31.0,93.0,73.0,231.0
002259,112626810.88000001,69.0,63.0,47.0,52.0,231.0
300228,297986914.38,57.0,71.0,59.0,44.0,231.0
002190,918083990.3599999,54.0,84.0,35.0,58.0,231.0
600157,854628127.50000012,22.0,45.0,72.0,92.0,231.0
002163,97016101.75999999,59.0,31.0,74.0,67.0,231.0
300279,101666972.31,56.0,61.0,45.0,68.0,230.0
600686,184799284.07999998,62.0,4.0,75.0,89.0,230.0
600497,483384624.77999997,19.0,69.0,70.0,71.0,229.0
300260,37194558.32,90.0,46.0,39.0,54.0,229.0
600880,313097896.08999997,34.0,85.0,50.0,60.0,229.0
600770,198609722.90999997,45.0,64.0,64.0,56.0,229.0
600605,26093048.559999999,39.0,42.0,83.0,65.0,229.0
002263,157380992.71000001,74.0,75.0,45.0,35.0,229.0
300070,604361223.75999999,28.0,52.0,88.0,61.0,229.0
600416,468540390.22000003,95.0,26.0,44.0,64.0,229.0
603688,111349453.91000003,63.0,76.0,35.0,55.0,229.0
300307,106890203.86999999,78.0,29.0,69.0,53.0,229.0
002216,79927272.359999999,34.0,42.0,92.0,60.0,228.0
002128,391181694.20000005,37.0,60.0,65.0,66.0,228.0
600825,170868257.40000004,30.0,57.0,78.0,63.0,228.0
601666,831306008.72000003,45.0,54.0,51.0,78.0,228.0
000628,78480481.0,66.0,20.0,58.0,83.0,227.0
002102,125977523.34999999,77.0,62.0,42.0,46.0,227.0
300314,72564568.209999993,54.0,79.0,53.0,41.0,227.0
000909,96865757.479999989,61.0,19.0,64.0,83.0,227.0
600315,663475422.78999996,33.0,63.0,64.0,66.0,226.0
002174,60254669.88000001,54.0,50.0,85.0,37.0,226.0
002085,81977833.719999999,34.0,15.0,100.0,76.0,225.0
002024,3173854446.4099998,59.0,45.0,45.0,76.0,225.0
002646,332712565.11000001,83.0,85.0,28.0,29.0,225.0
000972,72422182.280000016,30.0,53.0,75.0,67.0,225.0
002383,81169099.360000014,23.0,53.0,74.0,75.0,225.0
002066,188808761.97999996,34.0,57.0,48.0,86.0,225.0
600302,34752595.269999996,23.0,25.0,91.0,86.0,225.0
000049,152388135.0,33.0,50.0,70.0,71.0,224.0
000605,33251487.500000004,34.0,52.0,76.0,62.0,224.0
002042,320474285.97000003,83.0,48.0,36.0,57.0,224.0
002130,164358353.48000002,2.0,72.0,68.0,82.0,224.0
002267,75425926.319999993,38.0,28.0,95.0,62.0,223.0
300005,620247889.29999995,56.0,93.0,30.0,44.0,223.0
002287,38251778.119999997,43.0,21.0,98.0,61.0,223.0
000978,80081985.25,57.0,83.0,43.0,40.0,223.0
300121,30290587.749999993,40.0,34.0,83.0,65.0,222.0
000532,134130478.02000001,51.0,92.0,40.0,39.0,222.0
002725,71989536.200000003,57.0,76.0,40.0,48.0,221.0
600854,52593072.420000002,59.0,40.0,67.0,55.0,221.0
600655,463396302.63999999,53.0,56.0,56.0,56.0,221.0
600227,2239653968.3600001,99.0,99.0,22.0,1.0,221.0
000915,149313500.88999999,44.0,73.0,50.0,54.0,221.0
600475,83118246.439999998,65.0,17.0,71.0,67.0,220.0
600540,34018024.580000013,53.0,23.0,88.0,56.0,220.0
002094,110154018.41,73.0,59.0,43.0,45.0,220.0
600601,731444557.93000007,90.0,80.0,26.0,24.0,220.0
000012,811452500.31000006,43.0,95.0,33.0,49.0,220.0
600507,401233873.76999998,50.0,71.0,40.0,59.0,220.0
000948,77522228.299999997,76.0,41.0,53.0,50.0,220.0
300074,45275025.020000011,2.0,59.0,93.0,66.0,220.0
300354,36769901.609999999,67.0,74.0,41.0,38.0,220.0
000889,44787079.68,70.0,40.0,67.0,42.0,219.0
000062,112783789.58000001,26.0,34.0,90.0,69.0,219.0
600328,49185813.479999997,12.0,28.0,92.0,87.0,219.0
600971,735940058.75999999,48.0,82.0,33.0,55.0,218.0
600259,411095693.63,15.0,80.0,60.0,63.0,218.0
600708,332480705.84000003,98.0,4.0,42.0,74.0,218.0
002460,65027259.99000001,5.0,42.0,95.0,76.0,218.0
600643,1199784617.3700001,88.0,91.0,23.0,16.0,218.0
002093,91999072.530000001,39.0,48.0,72.0,59.0,218.0
002504,106145713.16,83.0,24.0,63.0,48.0,218.0
600078,254327778.41,52.0,59.0,43.0,63.0,217.0
002248,53486426.790000007,49.0,50.0,56.0,62.0,217.0
002076,34663504.540000007,39.0,36.0,79.0,63.0,217.0
002014,73046276.099999994,38.0,49.0,58.0,72.0,217.0
300143,147857817.02000001,100.0,96.0,19.0,2.0,217.0
002115,170096613.94,53.0,70.0,38.0,56.0,217.0
002039,247872580.51999998,61.0,83.0,32.0,41.0,217.0
600735,28497281.549999982,7.0,33.0,99.0,78.0,217.0
600645,960522630.00999999,95.0,99.0,18.0,5.0,217.0
600792,1104431136.48,80.0,98.0,25.0,14.0,217.0
300299,61310647.659999996,70.0,66.0,41.0,39.0,216.0
300327,39638831.57,32.0,46.0,76.0,62.0,216.0
300119,51990998.939999998,49.0,47.0,60.0,60.0,216.0
300177,177680796.69999999,58.0,71.0,39.0,48.0,216.0
600768,20331787.420000002,48.0,49.0,68.0,50.0,215.0
601969,550501624.48000002,62.0,88.0,31.0,34.0,215.0
000705,107588406.0,67.0,64.0,39.0,45.0,215.0
000066,151566889.82999998,46.0,3.0,84.0,82.0,215.0
002730,84667582.539999992,72.0,68.0,35.0,40.0,215.0
300387,38428095.260000005,65.0,47.0,55.0,48.0,215.0
002608,227878735.37,32.0,83.0,37.0,62.0,214.0
600617,60228085.5,39.0,12.0,91.0,72.0,214.0
002541,72507455.359999985,71.0,10.0,62.0,71.0,214.0
600635,1326056067.6200004,66.0,93.0,27.0,28.0,214.0
000806,413701490.06999993,70.0,86.0,28.0,30.0,214.0
002321,173861148.40999997,51.0,41.0,49.0,73.0,214.0
600363,135210450.96000001,42.0,52.0,57.0,63.0,214.0
600720,1456430115.0,87.0,97.0,24.0,5.0,213.0
300276,86535453.299999982,53.0,72.0,41.0,47.0,213.0
002679,28925425.04999999,12.0,15.0,96.0,90.0,213.0
600277,883349815.13999999,81.0,74.0,28.0,30.0,213.0
000568,450306596.86000013,8.0,41.0,87.0,77.0,213.0
600021,282967828.1500001,1.0,23.0,95.0,94.0,213.0
300169,113955875.66000001,69.0,72.0,31.0,41.0,213.0
600456,173117027.75,38.0,35.0,71.0,68.0,212.0
000536,158560775.63,30.0,22.0,88.0,72.0,212.0
600379,893690997.34000003,89.0,100.0,22.0,1.0,212.0
002530,23390099.289999999,33.0,35.0,85.0,59.0,212.0
300127,54756886.5,60.0,48.0,55.0,49.0,212.0
300097,167144020.89999998,55.0,81.0,30.0,46.0,212.0
002687,15567789.699999999,41.0,23.0,95.0,53.0,212.0
000848,97050118.049999997,10.0,46.0,97.0,58.0,211.0
600555,892833528.9000001,82.0,94.0,24.0,11.0,211.0
600066,430440471.79999989,15.0,18.0,95.0,83.0,211.0
600979,35786955.539999999,3.0,32.0,96.0,80.0,211.0
300240,29294685.809999999,48.0,22.0,90.0,51.0,211.0
002474,382395216.42000002,60.0,88.0,29.0,34.0,211.0
002510,78342710.729999989,49.0,26.0,78.0,58.0,211.0
002069,190535679.74000001,36.0,53.0,62.0,59.0,210.0
300062,42909657.810000002,52.0,18.0,59.0,81.0,210.0
600293,70158663.090000004,54.0,57.0,48.0,51.0,210.0
000823,124403417.10999998,44.0,41.0,66.0,59.0,210.0
002393,61526054.419999994,36.0,36.0,83.0,55.0,210.0
002465,562825318.38000011,48.0,61.0,57.0,43.0,209.0
002576,114664109.08,75.0,80.0,27.0,27.0,209.0
002611,130025180.19999999,90.0,59.0,30.0,30.0,209.0
000419,93103380.0,48.0,44.0,59.0,58.0,209.0
002378,133914737.63000001,31.0,67.0,74.0,37.0,209.0
600195,142637166.38,32.0,39.0,72.0,66.0,209.0
601231,133820707.87000002,57.0,11.0,98.0,43.0,209.0
002073,373052448.51999998,49.0,48.0,47.0,65.0,209.0
300008,75469897.449999988,58.0,30.0,56.0,65.0,209.0
300368,130324305.18000001,71.0,82.0,27.0,27.0,207.0
300333,137814651.40000001,61.0,86.0,31.0,29.0,207.0
002724,159798510.89999998,55.0,74.0,31.0,47.0,207.0
002139,70298361.799999997,31.0,35.0,75.0,66.0,207.0
300310,40083173.280000001,60.0,18.0,75.0,53.0,206.0
002478,56723174.539999992,70.0,21.0,64.0,51.0,206.0
000610,105835907.57999998,45.0,71.0,40.0,50.0,206.0
002596,175424836.67000002,63.0,64.0,32.0,47.0,206.0
603288,197989607.10999998,38.0,25.0,76.0,67.0,206.0
600093,139719092.24000001,76.0,9.0,50.0,71.0,206.0
300189,104524459.31,44.0,54.0,60.0,48.0,206.0
300401,153482361.49000001,68.0,94.0,24.0,20.0,206.0
600602,131704762.22999999,57.0,44.0,55.0,49.0,205.0
600728,67977372.329999998,14.0,16.0,98.0,77.0,205.0
002233,412834714.85000002,83.0,86.0,21.0,15.0,205.0
002026,21241236.359999999,15.0,13.0,97.0,80.0,205.0
600229,129327614.95000002,40.0,54.0,51.0,60.0,205.0
002343,113262415.44999999,64.0,49.0,37.0,55.0,205.0
600738,151734234.78,27.0,71.0,43.0,64.0,205.0
002709,88284681.060000002,70.0,65.0,37.0,33.0,205.0
000100,2396754382.5,50.0,32.0,45.0,77.0,204.0
002316,65270551.710000038,22.0,43.0,70.0,69.0,204.0
600614,192804144.65000004,30.0,38.0,79.0,57.0,204.0
600226,100479992.37,57.0,67.0,47.0,33.0,204.0
002619,72983452.00999999,87.0,57.0,32.0,28.0,204.0
002416,74720430.88000001,33.0,5.0,96.0,70.0,204.0
600585,5127304610.9800005,83.0,82.0,22.0,17.0,204.0
002428,332095578.56999999,19.0,96.0,42.0,47.0,204.0
300215,87047928.850000009,42.0,76.0,45.0,40.0,203.0
600218,86287268.530000001,53.0,32.0,63.0,55.0,203.0
000810,32199331.090000004,30.0,3.0,98.0,72.0,203.0
600694,921778010.72000003,84.0,65.0,27.0,27.0,203.0
300045,97108268.609999999,45.0,70.0,49.0,39.0,203.0
600875,955477905.53999996,5.0,9.0,93.0,96.0,203.0
000708,144031993.92000002,60.0,47.0,46.0,49.0,202.0
000061,1207887040.5,78.0,93.0,20.0,11.0,202.0
002011,434052709.83000004,35.0,62.0,44.0,61.0,202.0
000561,49457675.829999998,36.0,23.0,87.0,56.0,202.0
300160,398559877.66000003,100.0,95.0,6.0,1.0,202.0
600621,311937331.53999996,85.0,75.0,24.0,18.0,202.0
600391,700028914.37,59.0,86.0,27.0,29.0,201.0
600329,202125691.33999997,53.0,40.0,56.0,52.0,201.0
002090,44109668.369999997,35.0,20.0,80.0,66.0,201.0
002526,151576161.31999999,67.0,56.0,34.0,43.0,200.0
002290,33079826.469999999,76.0,28.0,52.0,44.0,200.0
600519,2922843535.5900002,82.0,35.0,49.0,34.0,200.0
002205,71044852.360000014,59.0,51.0,43.0,47.0,200.0
600570,1220561582.4699998,48.0,98.0,27.0,27.0,200.0
601116,48576842.519999996,46.0,26.0,74.0,54.0,200.0
000683,144275800.80000001,24.0,28.0,83.0,65.0,200.0
300210,28346915.579999998,41.0,22.0,74.0,63.0,200.0
300334,142498733.69999999,53.0,66.0,41.0,39.0,199.0
000593,18334916.089999996,16.0,52.0,79.0,52.0,199.0
300261,17517932.309999995,45.0,18.0,95.0,41.0,199.0
600740,254479653.72000003,27.0,45.0,50.0,77.0,199.0
600449,522229932.93999994,88.0,86.0,20.0,5.0,199.0
300183,674940596.23000002,87.0,92.0,16.0,4.0,199.0
600606,249726013.70999998,5.0,0.0,99.0,95.0,199.0
300407,552904783.48000002,90.0,97.0,11.0,1.0,199.0
000096,342027705.5,82.0,88.0,21.0,8.0,199.0
601798,46770098.25,47.0,26.0,76.0,49.0,198.0
002601,90774355.260000005,43.0,32.0,80.0,43.0,198.0
000753,85207471.159999996,28.0,21.0,80.0,69.0,198.0
002104,88616690.319999993,12.0,50.0,82.0,54.0,198.0
300158,37831901.25,52.0,17.0,79.0,50.0,198.0
002708,44014736.540000007,41.0,33.0,68.0,56.0,198.0
002027,53056550.119999997,52.0,2.0,81.0,63.0,198.0
600356,30056847.68,42.0,16.0,81.0,59.0,198.0
000933,964505332.45000005,69.0,47.0,32.0,50.0,198.0
600028,7587833158.5,31.0,20.0,85.0,62.0,198.0
001896,54995544.549999997,40.0,27.0,82.0,48.0,197.0
600848,105716380.11999997,53.0,16.0,60.0,68.0,197.0
002272,32267015.150000002,25.0,27.0,81.0,64.0,197.0
002025,165246180.48000002,46.0,48.0,56.0,47.0,197.0
000031,2351174198.25,66.0,39.0,31.0,61.0,197.0
002457,177828183.71000004,31.0,72.0,37.0,57.0,197.0
600644,157660492.46999997,42.0,91.0,30.0,34.0,197.0
000988,322848254.48000002,55.0,62.0,38.0,41.0,196.0
600368,207203045.54000002,54.0,43.0,43.0,56.0,196.0
002612,54450321.639999986,19.0,33.0,85.0,59.0,196.0
300230,16094958.910000002,43.0,15.0,77.0,60.0,195.0
002484,63496502.269999996,58.0,43.0,59.0,35.0,195.0
600864,441770820.92000002,62.0,95.0,22.0,16.0,195.0
600360,65080752.079999998,21.0,28.0,78.0,68.0,195.0
300021,196893135.25999999,56.0,79.0,28.0,32.0,195.0
600537,118395178.7,25.0,29.0,89.0,52.0,195.0
300400,51540624.299999997,55.0,71.0,34.0,35.0,195.0
603126,103760098.16,65.0,48.0,39.0,43.0,195.0
002033,135016507.15999997,65.0,63.0,34.0,32.0,194.0
300305,84448944.539999992,84.0,58.0,26.0,26.0,194.0
002593,55906313.689999998,80.0,24.0,56.0,34.0,194.0
002264,46408578.020000003,55.0,23.0,70.0,46.0,194.0
002623,33378084.840000004,34.0,22.0,84.0,54.0,194.0
002656,75215443.520000011,88.0,49.0,28.0,28.0,193.0
000611,43033524.800000012,27.0,84.0,44.0,38.0,193.0
000078,312095944.62,60.0,22.0,62.0,49.0,193.0
603088,63384639.38000001,55.0,83.0,27.0,28.0,193.0
002245,54129416.110000014,37.0,21.0,89.0,46.0,193.0
002036,24698656.199999999,8.0,13.0,92.0,80.0,193.0
002578,96883162.840000033,11.0,87.0,52.0,43.0,193.0
300137,173447144.09999999,42.0,79.0,34.0,38.0,193.0
600300,122555171.61999999,29.0,23.0,80.0,61.0,193.0
002485,16258323.770000003,23.0,12.0,97.0,60.0,192.0
603002,48177667.720000006,39.0,34.0,74.0,45.0,192.0
000688,39419670.399999999,16.0,54.0,84.0,38.0,192.0
002563,48830799.539999999,26.0,3.0,100.0,63.0,192.0
000553,236207581.72000003,30.0,85.0,34.0,42.0,191.0
600698,78781405.180000007,64.0,56.0,35.0,36.0,191.0
000607,123186046.3,64.0,60.0,34.0,33.0,191.0
300213,344833280.80000001,75.0,90.0,21.0,5.0,191.0
000403,49734537.760000013,24.0,68.0,57.0,42.0,191.0
002642,222469056.72000003,46.0,61.0,44.0,40.0,191.0
002450,425884151.44999993,20.0,25.0,93.0,53.0,191.0
600801,845922663.27999997,85.0,79.0,20.0,6.0,190.0
601106,948341170.5,6.0,30.0,75.0,79.0,190.0
000785,98731902.069999993,87.0,68.0,20.0,15.0,190.0
002421,299831129.51999998,84.0,67.0,19.0,20.0,190.0
300098,52744509.899999999,37.0,19.0,91.0,43.0,190.0
002182,42863251.699999996,9.0,22.0,83.0,76.0,190.0
300312,59745607.620000005,39.0,37.0,64.0,50.0,190.0
000022,409311181.79000002,83.0,94.0,10.0,2.0,189.0
600549,472126872.40000004,12.0,47.0,73.0,57.0,189.0
300242,95198864.219999999,66.0,66.0,28.0,28.0,188.0
600270,87186714.120000005,2.0,19.0,97.0,70.0,188.0
300363,48463031.930000007,36.0,49.0,69.0,34.0,188.0
002591,72557436.25999999,54.0,72.0,29.0,32.0,187.0
002328,62621579.100000009,43.0,26.0,61.0,57.0,187.0
600007,183796306.03,78.0,89.0,8.0,12.0,187.0
600855,386160455.90999997,16.0,89.0,37.0,45.0,187.0
002551,140033764.94,42.0,50.0,49.0,46.0,187.0
300220,84836964.340000004,56.0,91.0,22.0,18.0,187.0
600751,535914553.03000009,63.0,43.0,42.0,39.0,187.0
002519,44007285.140000001,44.0,21.0,83.0,38.0,186.0
002289,394071819.50999999,81.0,88.0,15.0,1.0,185.0
600696,110043649.44,73.0,60.0,26.0,26.0,185.0
300022,262265830.94,51.0,68.0,29.0,37.0,185.0
000407,73141462.75999999,37.0,33.0,63.0,51.0,184.0
600183,583532317.75,84.0,68.0,19.0,13.0,184.0
000851,205027760.46999997,49.0,33.0,48.0,54.0,184.0
300122,72041845.079999998,25.0,44.0,80.0,35.0,184.0
002114,74048697.300000012,21.0,69.0,38.0,56.0,184.0
002376,124507834.58999999,41.0,56.0,47.0,40.0,184.0
002454,97442120.730000019,52.0,26.0,51.0,55.0,184.0
300019,24793217.739999998,24.0,49.0,72.0,38.0,183.0
002078,264200024.25,49.0,28.0,54.0,52.0,183.0
600131,32437471.020000026,1.0,79.0,62.0,41.0,183.0
600385,13206022.820000002,29.0,38.0,75.0,41.0,183.0
001696,92527250.779999971,7.0,17.0,88.0,71.0,183.0
600868,118801899.08000001,12.0,96.0,41.0,34.0,183.0
000710,23036246.670000002,17.0,66.0,57.0,42.0,182.0
601177,216271041.88000003,84.0,69.0,19.0,10.0,182.0
002077,15843827.719999999,16.0,2.0,94.0,70.0,182.0
002185,317440813.18000007,52.0,58.0,36.0,36.0,182.0
600444,47207147.469999999,88.0,60.0,18.0,16.0,182.0
002355,82803444.889999986,59.0,37.0,40.0,45.0,181.0
600269,548727355.51999998,48.0,73.0,29.0,31.0,181.0
002404,93449803.089999989,43.0,58.0,42.0,38.0,181.0
002056,78125806.660000026,10.0,20.0,96.0,55.0,181.0
600213,32744913.050000004,26.0,11.0,86.0,57.0,180.0
601929,99966304.560000002,9.0,37.0,94.0,40.0,180.0
300037,343147105.27999997,44.0,88.0,26.0,22.0,180.0
002054,27057088.660000011,13.0,17.0,89.0,60.0,179.0
002087,114831717.07000001,82.0,28.0,32.0,37.0,179.0
002731,99439855.25,48.0,41.0,36.0,54.0,179.0
002079,53754247.49000001,11.0,45.0,76.0,47.0,179.0
002638,153561712.60999995,22.0,47.0,65.0,45.0,179.0
600636,87985563.060000002,25.0,34.0,68.0,51.0,178.0
002055,129456119.06000002,49.0,30.0,50.0,49.0,178.0
000601,153305033.23000002,42.0,69.0,34.0,33.0,178.0
600358,67578441.870000005,45.0,77.0,28.0,28.0,178.0
002552,53425236.149999999,50.0,81.0,24.0,22.0,177.0
600846,218122208.56,41.0,25.0,50.0,61.0,177.0
000970,394480581.61999995,19.0,64.0,49.0,45.0,177.0
600830,238568317.56999999,47.0,78.0,26.0,26.0,177.0
002565,109036413.16999999,48.0,53.0,41.0,35.0,177.0
000524,44516641.859999999,35.0,90.0,25.0,26.0,176.0
000757,43282424.57,44.0,64.0,37.0,31.0,176.0
002706,62286572.679999985,47.0,42.0,47.0,40.0,176.0
600210,194611981.07999998,57.0,36.0,42.0,41.0,176.0
000068,141771534.23999998,62.0,94.0,10.0,10.0,176.0
002269,81129470.23999998,1.0,17.0,99.0,59.0,176.0
601098,359634719.50999999,38.0,21.0,71.0,46.0,176.0
002542,75314674.069999993,59.0,21.0,59.0,36.0,175.0
600787,692831852.4000001,54.0,51.0,33.0,37.0,175.0
600611,844978343.23000002,41.0,73.0,29.0,32.0,175.0
000401,916474053.19000006,91.0,63.0,16.0,5.0,175.0
600193,85499182.069999993,31.0,99.0,23.0,22.0,175.0
600396,192625810.30000001,67.0,72.0,19.0,17.0,175.0
600577,65281469.159999996,32.0,17.0,83.0,42.0,174.0
300399,85342040.150000006,44.0,85.0,24.0,21.0,174.0
300057,39603610.219999999,46.0,14.0,65.0,49.0,174.0
002480,387305581.12,87.0,73.0,12.0,2.0,174.0
000735,131760599.81,12.0,43.0,64.0,55.0,174.0
600509,141902864.42000002,21.0,34.0,67.0,52.0,174.0
300212,250950594.85999998,34.0,53.0,43.0,44.0,174.0
002556,335511518.77999997,40.0,58.0,35.0,40.0,173.0
000056,62632583.220000006,34.0,87.0,26.0,26.0,173.0
603699,111367836.72999999,43.0,31.0,46.0,53.0,173.0
002220,36004874.219999999,33.0,11.0,78.0,51.0,173.0
601100,81742039.420000002,17.0,32.0,63.0,61.0,173.0
300038,108473852.98000002,40.0,50.0,36.0,46.0,172.0
600255,142694244.69999996,11.0,43.0,66.0,52.0,172.0
000860,329094401.05000001,53.0,22.0,47.0,50.0,172.0
002568,72274368.120000005,65.0,60.0,22.0,25.0,172.0
600780,86470238.079999983,20.0,30.0,74.0,48.0,172.0
000697,135994497.04000002,28.0,80.0,33.0,30.0,171.0
600860,14142802.16,30.0,14.0,84.0,43.0,171.0
300077,215254066.22000006,26.0,60.0,49.0,36.0,171.0
000521,408049477.02999997,86.0,36.0,26.0,23.0,171.0
002268,436786232.01000005,74.0,89.0,5.0,3.0,171.0
300171,40823165.909999996,10.0,9.0,95.0,57.0,171.0
002301,95596932.420000002,82.0,49.0,21.0,19.0,171.0
600257,64112015.519999996,31.0,55.0,45.0,39.0,170.0
600279,58262143.930000007,15.0,28.0,84.0,43.0,170.0
603369,240037258.97999999,86.0,45.0,18.0,21.0,170.0
000488,352101176.44000006,29.0,5.0,55.0,81.0,170.0
300079,343610856.20000005,37.0,70.0,32.0,31.0,170.0
300289,14850125.760000005,10.0,18.0,99.0,43.0,170.0
000791,311963942.98000002,86.0,81.0,3.0,0.0,170.0
000582,192524826.14000005,60.0,61.0,25.0,23.0,169.0
603123,91919389.789999992,60.0,39.0,36.0,34.0,169.0
002429,57656499.579999998,15.0,6.0,95.0,53.0,169.0
002671,57707909.399999999,43.0,34.0,51.0,41.0,169.0
600327,163926251.19999999,29.0,58.0,37.0,45.0,169.0
300105,58406024.51000002,3.0,28.0,85.0,53.0,169.0
002158,17947551.68999999,9.0,7.0,99.0,54.0,169.0
600072,30532557.280000005,15.0,25.0,86.0,42.0,168.0
002686,20434478.869999997,25.0,20.0,83.0,40.0,168.0
600723,113996934.94,43.0,21.0,55.0,49.0,168.0
300090,62493770.26000002,8.0,8.0,94.0,58.0,168.0
002497,164683453.69999999,65.0,81.0,11.0,11.0,168.0
002427,21979607.399999999,30.0,13.0,86.0,39.0,168.0
000882,186177421.01999998,75.0,43.0,25.0,24.0,167.0
603399,70431976.080000013,16.0,44.0,59.0,48.0,167.0
600592,109278312.19999999,42.0,59.0,33.0,33.0,167.0
002660,63021368.040000007,58.0,44.0,32.0,33.0,167.0
002145,75798355.780000001,40.0,36.0,58.0,32.0,166.0
300365,14359823.600000001,11.0,19.0,87.0,49.0,166.0
000723,176906840.09999999,29.0,27.0,35.0,75.0,166.0
600406,390768267.98000002,2.0,24.0,82.0,58.0,166.0
600378,57608391.619999997,88.0,60.0,8.0,10.0,166.0
002511,18409527.149999991,7.0,6.0,97.0,56.0,166.0
000737,94593749.36999999,45.0,47.0,35.0,39.0,166.0
002080,69309553.079999983,55.0,10.0,50.0,51.0,166.0
000027,663798643.51999998,45.0,37.0,48.0,36.0,166.0
002555,57065130.529999994,36.0,29.0,69.0,31.0,165.0
000878,657391261.37,22.0,43.0,48.0,52.0,165.0
002169,63718243.319999993,64.0,31.0,34.0,36.0,165.0
000751,310809155.38,25.0,79.0,30.0,31.0,165.0
300304,14337528.519999996,5.0,8.0,95.0,57.0,165.0
000778,1870121961.1399999,83.0,58.0,19.0,5.0,165.0
000014,107997529.90000001,81.0,45.0,21.0,18.0,165.0
600139,205737664.22000003,15.0,55.0,49.0,46.0,165.0
002449,72468480.950000003,38.0,25.0,55.0,47.0,165.0
300172,173382424.70999998,51.0,76.0,19.0,19.0,165.0
002229,102804562.96000004,18.0,72.0,36.0,38.0,164.0
600249,106922880.34,80.0,57.0,16.0,11.0,164.0
600587,259624237.69999999,30.0,37.0,53.0,44.0,164.0
002012,58712413.199999988,28.0,53.0,45.0,38.0,164.0
300301,31916497.360000003,39.0,24.0,66.0,34.0,163.0
000862,48116087.099999994,50.0,34.0,43.0,36.0,163.0
002522,109333975.39000002,82.0,78.0,2.0,1.0,163.0
600697,222420508.20999998,85.0,39.0,22.0,17.0,163.0
000936,93356010.639999986,53.0,37.0,38.0,35.0,163.0
600261,46228240.349999994,1.0,10.0,97.0,54.0,162.0
300088,108991015.78000005,13.0,30.0,79.0,40.0,162.0
000623,1857888825.6299996,35.0,97.0,20.0,9.0,161.0
300014,127301715.40000001,29.0,66.0,34.0,32.0,161.0
002544,380569296.45000005,63.0,73.0,14.0,11.0,161.0
002562,11312920.300000001,9.0,5.0,96.0,51.0,161.0
600900,958293239.16999996,17.0,73.0,40.0,30.0,160.0
000090,553152463.98000002,86.0,35.0,22.0,17.0,160.0
000672,144150333.11999995,50.0,71.0,19.0,20.0,160.0
000703,522921066.25,86.0,49.0,17.0,8.0,160.0
600151,222284619.0,14.0,32.0,62.0,52.0,160.0
000058,77680150.75,28.0,46.0,46.0,40.0,160.0
000930,467450141.17000002,28.0,85.0,25.0,22.0,160.0
000975,56828348.599999994,3.0,45.0,79.0,32.0,159.0
002692,23794770.859999999,21.0,6.0,90.0,42.0,159.0
002494,9801444.0,4.0,6.0,98.0,51.0,159.0
600688,866687325.25,22.0,65.0,31.0,41.0,159.0
600680,16244137.229999989,9.0,5.0,95.0,50.0,159.0
000829,73450151.740000024,14.0,5.0,85.0,54.0,158.0
300016,79295304.849999994,54.0,73.0,15.0,16.0,158.0
300007,50994541.740000002,50.0,32.0,46.0,30.0,158.0
300084,133612397.11999999,63.0,85.0,7.0,3.0,158.0
600500,258038516.21999997,4.0,9.0,81.0,63.0,157.0
000573,122054704.54000002,71.0,50.0,20.0,16.0,157.0
600198,123142195.84,45.0,11.0,63.0,37.0,156.0
600058,1569828384.8800001,84.0,46.0,20.0,6.0,156.0
002131,150516343.17000002,89.0,37.0,11.0,19.0,156.0
600808,1389977541.0,83.0,53.0,16.0,4.0,156.0
002154,79625725.829999998,61.0,36.0,31.0,28.0,156.0
000861,79304593.920000002,36.0,17.0,69.0,33.0,155.0
002599,5639997.5599999987,5.0,9.0,93.0,48.0,155.0
600215,21272774.989999998,13.0,4.0,86.0,52.0,155.0
300209,134396194.46000001,39.0,85.0,18.0,13.0,155.0
600641,343345620.12,78.0,43.0,21.0,12.0,154.0
002274,24210198.379999988,11.0,11.0,85.0,47.0,154.0
000596,204982698.60000002,17.0,29.0,63.0,45.0,154.0
600097,27967624.399999999,10.0,30.0,71.0,42.0,153.0
002548,38461945.590000004,31.0,32.0,53.0,37.0,153.0
600338,53599974.700000003,28.0,67.0,29.0,29.0,153.0
002499,34702469.559999987,12.0,45.0,57.0,39.0,153.0
600483,75998042.74000001,91.0,11.0,26.0,25.0,153.0
600176,670974385.49000001,87.0,54.0,8.0,4.0,153.0
002624,21333066.57,33.0,3.0,81.0,35.0,152.0
601038,391119267.12,45.0,48.0,29.0,30.0,152.0
002586,43355372.899999999,22.0,18.0,76.0,35.0,151.0
600521,57471301.999999985,8.0,15.0,89.0,39.0,151.0
601996,39739214.199999973,6.0,25.0,74.0,46.0,151.0
603001,164570869.06,80.0,35.0,18.0,17.0,150.0
000736,123630303.0,62.0,10.0,31.0,47.0,150.0
000709,2183109385.5500002,87.0,39.0,17.0,7.0,150.0
002067,151364900.47999996,39.0,51.0,29.0,31.0,150.0
600658,36474899.539999999,14.0,5.0,88.0,43.0,150.0
601965,37212684.650000021,4.0,13.0,93.0,40.0,150.0
603100,72981966.810000017,14.0,18.0,63.0,55.0,150.0
002016,187035499.42000002,80.0,32.0,20.0,18.0,150.0
002735,51251523.320000008,42.0,69.0,23.0,15.0,149.0
600192,28348108.079999983,2.0,5.0,90.0,52.0,149.0
600651,171322576.91999999,35.0,24.0,46.0,44.0,149.0
600382,252950889.31000003,26.0,74.0,25.0,24.0,149.0
300116,43654063.300000004,58.0,43.0,24.0,24.0,149.0
300391,35322984.079999998,46.0,65.0,18.0,20.0,149.0
601238,149740131.81,8.0,2.0,93.0,45.0,148.0
600362,1776070368.6500006,27.0,26.0,41.0,54.0,148.0
600345,32876867.520000003,24.0,40.0,50.0,34.0,148.0
300398,128203152.44,40.0,87.0,16.0,4.0,147.0
000951,664135727.10000002,87.0,38.0,16.0,6.0,147.0
600064,609807931.93000007,88.0,42.0,13.0,4.0,147.0
000007,27699762.149999999,18.0,62.0,37.0,29.0,146.0
002702,19498299.399999995,8.0,32.0,70.0,36.0,146.0
002712,42226616.579999998,33.0,28.0,51.0,33.0,145.0
600019,3413345766.52,86.0,30.0,16.0,13.0,145.0
601636,29233910.989999987,6.0,5.0,98.0,36.0,145.0
002589,58558339.219999999,46.0,4.0,62.0,32.0,144.0
002532,20033624.18999999,7.0,25.0,72.0,40.0,144.0
600773,207733107.59000003,83.0,16.0,23.0,21.0,143.0
600462,27261487.539999999,72.0,63.0,3.0,5.0,143.0
002661,16446278.25,18.0,7.0,88.0,30.0,143.0
600556,60934458.649999991,14.0,96.0,13.0,20.0,143.0
000680,1108411172.54,26.0,84.0,24.0,9.0,143.0
000039,1956866075.8199999,86.0,35.0,17.0,4.0,142.0
601877,338072268.65999997,81.0,31.0,11.0,19.0,142.0
002160,45291834.699999996,24.0,16.0,58.0,44.0,142.0
002458,46183355.700000003,62.0,69.0,8.0,3.0,142.0
600517,320011457.90999997,35.0,40.0,33.0,33.0,141.0
300288,122217724.21000001,46.0,88.0,1.0,6.0,141.0
002585,18329786.409999996,4.0,4.0,94.0,39.0,141.0
002696,22418451.990000002,36.0,22.0,50.0,33.0,141.0
000088,252028170.41999996,13.0,79.0,24.0,25.0,141.0
000502,19135623.719999995,18.0,36.0,52.0,35.0,141.0
300188,29198211.640000001,5.0,22.0,79.0,35.0,141.0
000727,15749166.520000003,2.0,2.0,99.0,38.0,141.0
300061,20040781.350000001,7.0,31.0,62.0,41.0,141.0
002641,19835642.18,19.0,7.0,83.0,32.0,141.0
000898,967755486.89999998,69.0,32.0,20.0,20.0,141.0
600481,37181091.330000013,1.0,9.0,94.0,37.0,141.0
600687,519835684.66999996,86.0,46.0,6.0,2.0,140.0
002627,19600138.280000001,11.0,19.0,68.0,42.0,140.0
300214,28774718.719999999,18.0,25.0,54.0,43.0,140.0
002051,627410861.73000002,37.0,38.0,33.0,32.0,140.0
000793,183858703.48000002,8.0,30.0,64.0,37.0,139.0
002207,29386518.0,68.0,68.0,2.0,1.0,139.0
600724,300520715.94,79.0,17.0,23.0,20.0,139.0
002045,16245608.619999997,8.0,11.0,81.0,39.0,139.0
600692,35329435.210000008,5.0,13.0,71.0,50.0,139.0
600191,62295487.930000007,20.0,90.0,12.0,17.0,139.0
002501,824446582.8099997,18.0,99.0,16.0,6.0,139.0
002002,135136113.0,77.0,32.0,10.0,20.0,139.0
002175,94534121.420000002,75.0,52.0,3.0,8.0,138.0
000404,297108255.60000002,62.0,40.0,22.0,14.0,138.0
600067,757973074.35000014,81.0,42.0,12.0,2.0,137.0
002314,12589529.460000001,9.0,1.0,90.0,37.0,137.0
600883,29925363.539999999,68.0,57.0,6.0,6.0,137.0
300263,97000309.659999996,60.0,42.0,15.0,20.0,137.0
000629,537657918.31999993,12.0,57.0,33.0,34.0,136.0
300187,45519787.850000001,22.0,22.0,63.0,29.0,136.0
000626,108558286.72,89.0,6.0,22.0,19.0,136.0
000971,37074775.310000002,38.0,68.0,13.0,17.0,136.0
600510,125862245.13999999,83.0,5.0,24.0,24.0,136.0
002133,119933036.17000002,80.0,13.0,23.0,20.0,136.0
603009,29362525.560000002,51.0,20.0,31.0,33.0,135.0
002319,38428841.390000001,28.0,65.0,20.0,21.0,134.0
600217,104190340.86000001,19.0,43.0,39.0,33.0,134.0
002726,48022925.25,49.0,29.0,28.0,28.0,134.0
002479,77994066.600000024,19.0,46.0,38.0,30.0,133.0
600376,3531540844.3000002,84.0,22.0,22.0,4.0,132.0
000034,97362156.25999999,75.0,3.0,27.0,27.0,132.0
000543,365716983.12,24.0,82.0,12.0,14.0,132.0
600162,190586499.38,32.0,10.0,46.0,44.0,132.0
002106,106627728.12,6.0,39.0,52.0,35.0,132.0
600243,34306240.250000007,19.0,14.0,54.0,44.0,131.0
002705,18405399.329999998,13.0,3.0,73.0,42.0,131.0
000852,37197906.370000005,1.0,4.0,90.0,36.0,131.0
002125,10343089.799999997,7.0,13.0,73.0,38.0,131.0
000795,50440151.939999998,21.0,39.0,41.0,29.0,130.0
600739,814121240.08999991,11.0,82.0,19.0,18.0,130.0
000516,286044508.06,35.0,69.0,10.0,16.0,130.0
600009,577346192.63,25.0,41.0,32.0,32.0,130.0
002313,55432410.219999999,3.0,14.0,64.0,48.0,129.0
000913,23073587.350000001,16.0,9.0,66.0,38.0,129.0
600763,72285297.73999998,27.0,84.0,4.0,14.0,129.0
600100,748288257.02000022,27.0,20.0,40.0,41.0,128.0
600280,272958404.19,84.0,18.0,12.0,14.0,128.0
300036,22589576.820000008,1.0,35.0,62.0,29.0,127.0
600736,325603885.88,85.0,15.0,18.0,9.0,127.0
600865,17023561.810000002,5.0,23.0,66.0,33.0,127.0
000507,170135869.96999979,1.0,79.0,24.0,23.0,127.0
600433,150280373.15000004,34.0,66.0,10.0,17.0,127.0
600110,133874985.27999999,30.0,44.0,26.0,26.0,126.0
002199,30875810.170000002,3.0,47.0,40.0,36.0,126.0
002295,6505167.2400000002,3.0,4.0,84.0,35.0,126.0
600050,2378668483.5,15.0,33.0,40.0,37.0,125.0
600528,2637557240.2600002,51.0,43.0,23.0,8.0,125.0
600061,1407057266.1600001,88.0,9.0,16.0,12.0,125.0
600990,178693955.48000002,48.0,61.0,10.0,6.0,125.0
002302,221580282.42000002,85.0,20.0,9.0,10.0,124.0
600153,1643530125.72,85.0,13.0,18.0,8.0,124.0
000402,2960254692.3800001,81.0,30.0,12.0,1.0,124.0
000917,304998787.53000003,18.0,40.0,35.0,31.0,124.0
002075,56648340.800000004,23.0,16.0,54.0,30.0,123.0
002228,48108681.399999999,88.0,25.0,1.0,9.0,123.0
600077,224193844.65000001,85.0,14.0,14.0,10.0,123.0
600579,79196906.459999993,42.0,58.0,13.0,9.0,122.0
603306,35544106.710000001,46.0,30.0,23.0,23.0,122.0
300048,192512792.36000001,32.0,64.0,14.0,12.0,122.0
600889,39324023.920000002,40.0,50.0,14.0,18.0,122.0
600071,31423022.109999999,37.0,44.0,18.0,22.0,121.0
002240,245187503.17000002,12.0,89.0,13.0,7.0,121.0
601799,24714948.909999996,22.0,7.0,61.0,31.0,121.0
300255,101366535.86999997,52.0,51.0,4.0,13.0,120.0
600284,287047678.96000004,23.0,42.0,27.0,27.0,119.0
002170,128918101.06000002,22.0,67.0,15.0,15.0,119.0
300269,118043132.51999998,48.0,61.0,5.0,5.0,119.0
000409,50128655.809999995,13.0,23.0,47.0,35.0,118.0
000718,579907801.84000003,84.0,20.0,11.0,3.0,118.0
000722,19284736.160000011,2.0,24.0,61.0,31.0,118.0
002622,176925113.41000003,14.0,92.0,4.0,7.0,117.0
600281,53777422.590000004,31.0,36.0,25.0,25.0,117.0
600073,85592695.280000061,8.0,15.0,58.0,36.0,117.0
002208,96506903.289999992,82.0,12.0,15.0,8.0,117.0
002677,111068785.82000001,23.0,74.0,6.0,14.0,117.0
600321,107758493.45000002,7.0,81.0,15.0,13.0,116.0
600185,627231382.94999993,85.0,27.0,3.0,1.0,116.0
600499,171148314.17999998,29.0,31.0,29.0,27.0,116.0
601005,199741675.66000003,16.0,40.0,29.0,30.0,115.0
600769,20239309.779999997,11.0,87.0,5.0,12.0,115.0
002037,69703117.219999999,32.0,14.0,38.0,31.0,115.0
600377,71069022.74000001,2.0,11.0,73.0,29.0,115.0
000043,437170254.59000003,72.0,25.0,15.0,2.0,114.0
300069,24675846.229999997,37.0,44.0,16.0,17.0,114.0
002183,848017744.0,37.0,27.0,25.0,25.0,114.0
000589,43078900.859999999,12.0,3.0,63.0,36.0,114.0
000786,90743539.069999993,4.0,16.0,65.0,29.0,114.0
000632,73331783.930000007,33.0,13.0,33.0,34.0,113.0
300280,36810174.490000002,39.0,61.0,8.0,5.0,113.0
300217,70558147.479999989,32.0,35.0,21.0,25.0,113.0
600684,261434938.74000001,62.0,22.0,18.0,10.0,112.0
600466,513839615.40999997,85.0,6.0,17.0,4.0,112.0
002583,66210629.789999999,35.0,21.0,28.0,27.0,111.0
600383,2845336631.5599999,80.0,19.0,11.0,1.0,111.0
000987,574749349.22000003,50.0,11.0,25.0,24.0,110.0
300200,133745147.29999998,16.0,85.0,8.0,1.0,110.0
000821,146924524.47,29.0,65.0,13.0,3.0,110.0
601908,127543978.88,74.0,23.0,4.0,9.0,110.0
600639,380266409.49999994,20.0,68.0,12.0,10.0,110.0
002135,214724399.58000001,67.0,29.0,12.0,2.0,110.0
601808,857570792.54000008,20.0,29.0,32.0,29.0,110.0
000059,191011937.24000004,38.0,16.0,28.0,27.0,109.0
300089,16698080.140000002,23.0,24.0,34.0,28.0,109.0
601599,34392395.670000002,25.0,8.0,46.0,29.0,108.0
300348,62527987.700000003,20.0,71.0,4.0,13.0,108.0
600634,79406889.049999997,40.0,25.0,20.0,22.0,107.0
600287,164885852.71000001,35.0,54.0,12.0,6.0,107.0
000503,174091515.59000009,5.0,76.0,7.0,18.0,106.0
002282,108342224.86999997,4.0,82.0,14.0,6.0,106.0
002733,70450246.109999999,35.0,38.0,17.0,15.0,105.0
002685,27500579.59,41.0,15.0,22.0,26.0,104.0
600173,154368215.56,50.0,34.0,13.0,7.0,104.0
600367,45962284.649999991,15.0,39.0,25.0,25.0,104.0
002310,459743171.57999998,47.0,27.0,14.0,16.0,104.0
600657,724416743.54999995,82.0,12.0,9.0,1.0,104.0
600340,1401340929.47,81.0,5.0,7.0,10.0,103.0
600258,26702323.629999995,2.0,55.0,21.0,25.0,103.0
000029,135479671.12,35.0,31.0,18.0,19.0,103.0
600733,29796471.779999997,15.0,61.0,9.0,18.0,103.0
600561,56059025.489999987,40.0,29.0,16.0,18.0,103.0
600562,155206585.00999999,27.0,64.0,5.0,6.0,102.0
002247,36817696.129999995,40.0,36.0,8.0,18.0,102.0
002283,27620581.86999999,6.0,12.0,55.0,28.0,101.0
000505,57054505.529999994,18.0,41.0,20.0,21.0,100.0
300335,69132393.090000004,27.0,45.0,15.0,13.0,100.0
300328,28184857.329999998,25.0,49.0,5.0,21.0,100.0
002632,27444416.299999997,42.0,34.0,4.0,19.0,99.0
002379,56480783.600000009,10.0,32.0,28.0,28.0,98.0
601992,1153789938.6599998,80.0,9.0,5.0,3.0,97.0
002732,37159499.87999998,4.0,61.0,17.0,15.0,97.0
300345,26511074.959999997,17.0,31.0,23.0,26.0,97.0
600248,46742171.960000001,29.0,8.0,31.0,28.0,96.0
600559,177819558.38000003,24.0,63.0,4.0,5.0,96.0
000717,97975499.790000007,21.0,31.0,21.0,23.0,96.0
600290,102722019.94,34.0,14.0,24.0,24.0,96.0
600791,134578885.59999999,49.0,24.0,16.0,7.0,96.0
300321,19345257.010000002,20.0,51.0,6.0,19.0,96.0
600159,132958472.22,23.0,42.0,17.0,11.0,93.0
300283,26381409.899999999,29.0,46.0,6.0,12.0,93.0
002074,43429762.929999992,10.0,6.0,47.0,30.0,93.0
000901,164758503.25,3.0,67.0,10.0,12.0,92.0
002605,51477414.24000001,7.0,56.0,11.0,18.0,92.0
000815,19420384.440000009,16.0,24.0,26.0,26.0,92.0
000725,630384405.0,1.0,5.0,54.0,32.0,92.0
600796,20233736.310000002,18.0,36.0,16.0,21.0,91.0
000685,219767749.0400002,5.0,67.0,7.0,12.0,91.0
300341,50282789.88000001,6.0,52.0,13.0,20.0,91.0
000931,83182059.449999988,9.0,37.0,21.0,23.0,90.0
000595,41990484.580000006,18.0,46.0,13.0,13.0,90.0
300393,58683862.330000006,27.0,44.0,10.0,9.0,90.0
600545,371792790.48000002,24.0,40.0,17.0,8.0,89.0
600235,24556323.18,24.0,18.0,22.0,24.0,88.0
000576,26941679.879999995,14.0,48.0,6.0,18.0,86.0
600425,173425093.50999999,15.0,55.0,9.0,7.0,86.0
600125,226922109.73000002,2.0,42.0,19.0,20.0,83.0
600307,108672900.38000001,28.0,10.0,20.0,25.0,83.0
600326,131055605.72000004,20.0,38.0,14.0,11.0,83.0
600022,241280824.47000003,21.0,10.0,26.0,26.0,83.0
600642,306907291.76000005,12.0,26.0,21.0,24.0,83.0
002644,22103806.07,37.0,14.0,8.0,23.0,82.0
002452,95973283.020000011,28.0,49.0,3.0,2.0,82.0
600223,117958207.73,18.0,1.0,32.0,30.0,81.0
600203,27699125.909999996,23.0,6.0,26.0,26.0,81.0
600815,239268835.71000004,32.0,27.0,13.0,9.0,81.0
000559,347230865.2299999,9.0,33.0,18.0,21.0,81.0
000638,25461441.0,3.0,7.0,39.0,31.0,80.0
300388,53408498.5,18.0,33.0,10.0,19.0,80.0
300262,85951891.299999923,3.0,52.0,12.0,12.0,79.0
600086,99832688.549999982,54.0,8.0,2.0,14.0,78.0
600005,556124972.35000002,20.0,11.0,23.0,23.0,77.0
002435,11356179.039999997,17.0,12.0,23.0,25.0,77.0
600622,82171572.449999988,3.0,5.0,37.0,32.0,77.0
000006,385899709.02000004,24.0,31.0,15.0,6.0,76.0
000157,1966850455.0,33.0,23.0,15.0,5.0,76.0
002336,13684788.490000002,9.0,2.0,38.0,27.0,76.0
600027,898092478.73000002,24.0,33.0,11.0,8.0,76.0
600211,20688590.890000001,1.0,38.0,13.0,23.0,75.0
600715,34495652.280000001,34.0,21.0,4.0,16.0,75.0
300194,22777849.449999996,19.0,16.0,17.0,23.0,75.0
000693,129426169.70000002,22.0,23.0,14.0,15.0,74.0
600295,68488193.279999986,13.0,2.0,31.0,28.0,74.0
600884,119127670.92999995,23.0,12.0,17.0,22.0,74.0
600409,87617894.73999995,5.0,15.0,26.0,26.0,72.0
000825,310960706.69999993,7.0,15.0,25.0,25.0,72.0
300403,43352336.840000004,10.0,36.0,12.0,14.0,72.0
600637,577069836.24000013,32.0,21.0,5.0,13.0,71.0
600116,75271170.929999948,0.0,48.0,6.0,17.0,71.0
000969,86746096.400000006,10.0,18.0,19.0,23.0,70.0
000635,36147022.140000001,4.0,39.0,9.0,17.0,69.0
600031,1643730346.8600001,21.0,36.0,8.0,4.0,69.0
600761,244518147.58999997,11.0,48.0,7.0,3.0,69.0
000537,170591006.14000002,7.0,14.0,25.0,23.0,69.0
002626,28608053.019999996,29.0,19.0,2.0,19.0,69.0
000782,26306321.550000001,11.0,19.0,17.0,22.0,69.0
600638,103220845.20000002,13.0,10.0,21.0,24.0,68.0
600853,91877272.600000009,22.0,10.0,19.0,17.0,68.0
000939,158122467.01999995,20.0,13.0,15.0,19.0,67.0
002166,60824161.409999996,6.0,38.0,7.0,16.0,67.0
300317,47997844.199999996,44.0,7.0,7.0,9.0,67.0
002534,52738838.399999991,28.0,7.0,10.0,21.0,66.0
600966,77936518.769999996,26.0,10.0,11.0,19.0,66.0
000036,165162962.95999998,25.0,21.0,13.0,7.0,66.0
002718,21355967.070000008,10.0,35.0,9.0,11.0,65.0
601117,1468005815.8399999,24.0,18.0,14.0,9.0,65.0
300300,34852492.609999999,26.0,19.0,5.0,14.0,64.0
000040,93638111.180000007,23.0,11.0,17.0,13.0,64.0
002088,31735810.009999998,16.0,23.0,12.0,13.0,64.0
600320,562824932.38000011,33.0,16.0,10.0,5.0,64.0
000425,1112268402.3699999,26.0,29.0,4.0,4.0,63.0
000539,222748755.69000006,21.0,17.0,9.0,16.0,63.0
601668,9283569256.0,44.0,8.0,9.0,2.0,63.0
000681,42881847.26000002,13.0,34.0,6.0,10.0,63.0
002683,21618844.339999996,6.0,4.0,26.0,26.0,62.0
600858,81348845.199999958,3.0,20.0,18.0,21.0,62.0
600303,117809846.54999998,20.0,19.0,15.0,8.0,62.0
600973,89135817.289999992,39.0,8.0,7.0,8.0,62.0
002127,25869694.560000002,29.0,17.0,2.0,12.0,60.0
000701,34409497.759999998,11.0,1.0,23.0,25.0,60.0
600683,52878088.670000002,8.0,1.0,25.0,26.0,60.0
600512,47173918.329999998,10.0,8.0,19.0,23.0,60.0
600828,34492544.150000006,2.0,9.0,23.0,25.0,59.0
000767,214662057.20999998,9.0,38.0,7.0,5.0,59.0
300320,23791072.120000005,14.0,30.0,3.0,11.0,58.0
300130,27057299.440000001,17.0,20.0,6.0,14.0,57.0
600533,154377458.37,31.0,12.0,10.0,4.0,57.0
002539,46832053.359999999,39.0,11.0,1.0,3.0,54.0
002349,18360425.749999996,22.0,14.0,2.0,15.0,53.0
600985,9964554.2100000009,8.0,12.0,9.0,24.0,53.0
603988,19544021.830000006,4.0,26.0,13.0,10.0,53.0
002515,10190826.420000002,19.0,14.0,1.0,18.0,52.0
601028,53952034.50999999,14.0,20.0,3.0,15.0,52.0
600239,181047819.66,23.0,2.0,14.0,12.0,51.0
000531,64873625.790000007,13.0,24.0,4.0,10.0,51.0
601669,3032050716.5,32.0,9.0,8.0,2.0,51.0
000863,62306619.650000006,23.0,2.0,9.0,16.0,50.0
002628,82476604.690000027,3.0,19.0,14.0,14.0,50.0
002403,16522339.27,10.0,6.0,11.0,22.0,49.0
300211,6566957.3299999982,6.0,15.0,5.0,22.0,48.0
002680,8266121.879999999,12.0,1.0,11.0,24.0,48.0
601618,2043056169.7499998,35.0,4.0,7.0,2.0,48.0
600322,133514758.02,15.0,3.0,15.0,14.0,47.0
600169,694396051.66000009,8.0,29.0,7.0,2.0,46.0
600122,154622336.51999998,17.0,8.0,11.0,10.0,46.0
000732,226254718.80000001,32.0,1.0,6.0,7.0,46.0
000797,34826951.140000008,9.0,2.0,14.0,21.0,46.0
600165,12724813.779999994,14.0,6.0,4.0,21.0,45.0
300405,16999618.910000004,5.0,15.0,10.0,15.0,45.0
300397,40429434.219999984,3.0,28.0,3.0,11.0,45.0
002059,30761500.729999997,19.0,10.0,3.0,12.0,44.0
002252,58633994.710000023,13.0,8.0,1.0,22.0,44.0
300294,17174086.769999988,2.0,14.0,6.0,22.0,44.0
600654,63679005.239999995,17.0,15.0,4.0,8.0,44.0
000918,102507109.44,21.0,1.0,9.0,13.0,44.0
002244,163865582.93000001,17.0,2.0,8.0,16.0,43.0
603368,86372280.200000018,18.0,13.0,8.0,3.0,42.0
000673,17399276.720000006,6.0,7.0,7.0,22.0,42.0
600068,881995928.4600004,12.0,8.0,12.0,9.0,41.0
002239,70540375.930000007,9.0,18.0,8.0,6.0,41.0
600170,437016844.32999998,20.0,2.0,5.0,13.0,40.0
300395,20338766.280000001,1.0,27.0,1.0,11.0,40.0
600823,433983007.54999995,26.0,8.0,3.0,3.0,40.0
600748,285772544.97000003,16.0,7.0,9.0,7.0,39.0
600647,8596915.2400000039,11.0,17.0,2.0,9.0,39.0
300389,25501927.449999996,4.0,23.0,2.0,9.0,38.0
600881,275444290.60000002,15.0,6.0,9.0,8.0,38.0
300195,28579805.010000005,4.0,13.0,5.0,15.0,37.0
002390,65515715.899999999,17.0,9.0,2.0,8.0,36.0
002536,15091738.259999998,4.0,8.0,3.0,20.0,35.0
002505,67531464.079999998,5.0,6.0,6.0,16.0,33.0
000042,125606449.23999999,22.0,3.0,5.0,3.0,33.0
603111,32677165.220000014,6.0,13.0,2.0,11.0,32.0
000671,231994693.69999999,25.0,2.0,1.0,3.0,31.0
002547,16211087.790000007,6.0,4.0,1.0,19.0,30.0
000415,220331263.40000007,19.0,3.0,2.0,6.0,30.0
000669,33231298.480000012,10.0,12.0,1.0,7.0,30.0
600485,149442594.21000004,19.0,7.0,0.0,3.0,29.0
000981,42916272.340000004,14.0,1.0,1.0,12.0,28.0
002062,34161867.99000001,7.0,1.0,5.0,15.0,28.0
002654,14003643.149999999,13.0,6.0,1.0,7.0,27.0
600969,31412934.900000006,13.0,4.0,3.0,7.0,27.0
002721,41960111.459999993,17.0,3.0,2.0,4.0,26.0
002639,8468554.1000000015,2.0,5.0,1.0,15.0,23.0
600807,23548869.779999994,1.0,3.0,3.0,10.0,17.0
601390,1847499980.0,6.0,1.0,2.0,2.0,11.0
